image,modal,split,model,Dice,IoU,Boundary_IoU,HD95,MAE,pred_fg_ratio,gt_fg_ratio
gas_158f38b82da59ce2,WL,test,unetpp,0.8162243365047571,0.6895093062605753,0.16857544705645972,25.317977802344327,0.08777104318141937,0.26199776785714285,0.21560108418367346
gas_1678b5e5182b088d,WL,test,unetpp,0.867175572519084,0.7654986522911051,0.14611638041527814,15.524174696260024,0.05375079810619354,0.20067362882653061,0.20400191326530612
gas_16b113179c9267aa,WL,test,unetpp,0.8270232230823363,0.705063594912407,0.18741750989881215,15.0,0.024493781849741936,0.07997847576530612,0.061623086734693876
gas_1726edbf713b7ed8,WL,test,unetpp,0.8594614353600585,0.7535575402760566,0.11658071573683389,25.0,0.11493542790412903,0.41890545280612246,0.3989158163265306
gas_18dc528fd3ebb4ae,WL,test,unetpp,0.8811601327270493,0.7875659050966608,0.16972954230235784,17.69180601295413,0.09636081010103226,0.39528858418367346,0.41555723852040816
gas_194b3005cde83e0e,WL,test,unetpp,0.5954746136865342,0.42396856581532416,0.07366563740626378,36.91000012468094,0.05843431130051613,0.09518494897959184,0.04926658163265306
gas_19a1b87987a36d93,WL,test,unetpp,0.8547249647390691,0.7463054187192119,0.17448805460750852,10.651173382964801,0.04926658049225807,0.1789500956632653,0.16017617984693877
gas_19a4ba0bcfeac547,WL,test,unetpp,0.7213483146067415,0.5641476274165202,0.11449697512883711,59.26253342455945,0.09885203838348389,0.19314014668367346,0.16161112882653061
gas_1ae0438109f36953,WL,test,unetpp,0.9727870144532373,0.9470158848658289,0.4838924683403688,20.0,0.0509207583963871,0.9128467793367347,0.9583466198979592
gas_1d1328b7ac7bf8a5,WL,test,unetpp,0.6470900505713727,0.4782949898806328,0.1593180482069371,74.72881146905567,0.2517338991165161,0.2373844068877551,0.47592474489795916
gas_1e64d1109280f3b7,WL,test,unetpp,0.9107617721015214,0.8361456188135256,0.13133354056574448,15.297058540778355,0.09831393510103226,0.5263871173469388,0.5753148915816326
gas_1ea553c425da6f11,WL,test,unetpp,0.8480497213887698,0.7361860465116279,0.18707738542449287,11.67688243205076,0.028260523453354836,0.1067641900510204,0.07922114158163265
gas_1f6937b3dc965b66,WL,test,unetpp,0.9067608476286579,0.8294258814842164,0.16338846669646848,15.811388300841896,0.0552455373108387,0.2871691645408163,0.3053451849489796
gas_2027f7ec39285af2,WL,test,unetpp,0.9052456286427977,0.8268938241557652,0.42714819427148193,13.536518897583166,0.011340082623064518,0.05992904974489796,0.05974968112244898
gas_20c78f9519a4e721,WL,test,unetpp,0.8166747143087075,0.690152339499456,0.17784011220196352,26.96739158294227,0.045400191098451614,0.12209024234693877,0.12555803571428573
gas_24f00f173bf2bcb7,WL,test,unetpp,0.8917774207682196,0.8046916183447549,0.3458904109589041,119.83988689919076,0.014768016524612904,0.07473692602040816,0.06172273596938776
gas_25347,WL,test,unetpp,0.5918176504967855,0.4202706067900722,0.042612839921502665,44.654227123532216,0.13919004797935486,0.10622608418367346,0.2347735969387755
gas_25368,WL,test,unetpp,0.9514196983141082,0.9073408081235456,0.42581090407177363,6.239927843823264,0.017458545044064522,0.17566167091836735,0.18371332908163265
gas_25379,WL,test,unetpp,0.5532610726966922,0.3824194277594781,0.08990114881111408,102.96843533292714,0.1905691921710968,0.28846460459183676,0.13811383928571427
gas_25383,WL,test,unetpp,0.7786128988703362,0.6374824968678605,0.08234019501625135,25.0,0.09803491830825806,0.17452566964285715,0.2682955994897959
gas_25400,WL,test,unetpp,0.645675815639565,0.4767513000917712,0.1821551495896214,62.39510574795238,0.1363600194454193,0.25400589923469385,0.13083944515306123
gas_25456,WL,test,unetpp,0.5930604413175568,0.42152517331514944,0.06852035749751738,50.28515812437143,0.10144291818141937,0.16637436224489796,0.08290816326530612
gas_25468,WL,test,unetpp,0.5908438505320466,0.4192891261590334,0.0012557555462536626,52.20153254455275,0.1647600382566452,0.11896125637755102,0.28372130102040816
gas_25496,WL,test,unetpp,0.9020887209071017,0.821640817509784,0.2750737463126844,13.892443989449804,0.049047354608774185,0.27268016581632654,0.22825653698979592
gas_25501,WL,test,unetpp,0.45112654582415723,0.29126107404571805,0.06865486175831004,56.36955262170046,0.12914541363716125,0.18118223852040816,0.05410953443877551
gas_25615,WL,test,unetpp,0.24695934205953898,0.14087485132813532,0.05692883895131086,64.41583514167705,0.12956392765045166,0.0234375,0.14861686862244897
gas_25678,WL,test,unetpp,0.6828439240864885,0.5184229390681003,0.04597336715282181,28.287805677203483,0.06694435328245163,0.13895089285714285,0.07212611607142858
gas_25703,WL,test,unetpp,0.6698717948717948,0.5036144578313253,0.12280701754385964,27.202941017470888,0.07800541818141937,0.1201969068877551,0.11609135841836735
gas_25745,WL,test,unetpp,0.9136329866270431,0.8409984612754317,0.32451638373470193,7.2628580546923835,0.01853475719690323,0.11166693239795919,0.10293765943877552
gas_25748,WL,test,unetpp,0.5457679050172348,0.37529628654200686,0.04987452948557089,66.72405518400068,0.2836415767669678,0.4503148915816326,0.17412707270408162
gas_25760,WL,test,unetpp,0.7681887002948442,0.6236253072842541,0.13808230624608314,31.78049716414141,0.11595185101032257,0.19218351403061223,0.30801578443877553
gas_25778,WL,test,unetpp,0.8028058214238888,0.6705727740663673,0.1710414902624894,23.001807483456084,0.05994898080825806,0.15019132653061223,0.15381855867346939
gas_25784,WL,test,unetpp,0.6269259914119727,0.4565857247976453,0.08195592286501377,20.604607597336866,0.0588727667927742,0.05040258290816327,0.10740194515306123
gas_25794,WL,test,unetpp,0.7604659628685839,0.6135095447870779,0.1929779600205023,35.35533905932738,0.0786830335855484,0.1280891262755102,0.20039461096938777
gas_25803,WL,test,unetpp,0.7237679995410475,0.56711318888789,0.05625950329447542,26.465566289654557,0.09596221148967743,0.1359016262755102,0.21149553571428573
gas_25862,WL,test,unetpp,0.6667476258713234,0.5000910846358436,0.04273267874429539,48.76166504456119,0.27345743775367737,0.2751315369897959,0.5454400510204082
gas_25872,WL,test,unetpp,0.8421383647798742,0.7273221075502444,0.16558509524806364,28.160255680657446,0.09004304558038712,0.2478077168367347,0.3225845025510204
gas_25879,WL,test,unetpp,0.7894167568017306,0.6520962199312714,0.0969030969030969,24.174364466271744,0.10088488459587097,0.21219308035714285,0.26688058035714285
gas_25933,WL,test,unetpp,0.015494189678870424,0.0078075809092053895,0.051417004048582994,79.67307392979745,0.1570272594690323,0.12470105229591837,0.03479751275510204
gas_25e3199858978cf7,WL,test,unetpp,0.9488640041426629,0.9027033684340169,0.2723530380372139,11.180339887498949,0.06297831982374191,0.6224689094387755,0.6091159119897959
gas_26020,WL,test,unetpp,0.0,0.0,0.0,316.7838379715733,0.11674904078245163,0.0,0.11674904336734694
gas_26039,WL,test,unetpp,0.7369011482116933,0.5834073454887414,0.05925792507204611,61.94994266381802,0.15892060101032257,0.3639389349489796,0.24009486607142858
gas_26092,WL,test,unetpp,0.8761796574624258,0.7796438846123941,0.09562902152207677,14.173876274650372,0.05648118630051613,0.20412149234693877,0.2520328443877551
gas_26102,WL,test,unetpp,0.30443530749715686,0.17954803425859045,0.036858159633960344,74.18575955005335,0.15846221148967743,0.15244339923469388,0.07537468112244898
gas_26130,WL,test,unetpp,0.0,0.0,0.0,155.46781034715394,0.018076371401548386,0.0005580357142857143,0.017518335459183673
gas_26138,WL,test,unetpp,0.808324727937088,0.6783095587255032,0.23666395884105063,22.805699042763205,0.048090722411870956,0.11340082908163265,0.13749601403061223
gas_26140,WL,test,unetpp,0.6958956783415531,0.5336196397666816,0.08847774317640593,71.13929588591984,0.14500956237316132,0.31088568239795916,0.1659558354591837
gas_26158,WL,test,unetpp,0.3888936206456009,0.24138295622753225,0.13966480446927373,69.51613637885049,0.1429966539144516,0.1729312818877551,0.06106505102040816
gas_26179,WL,test,unetpp,0.8750633296179957,0.777877859845073,0.15752566992236414,87.06229980905847,0.04914700239896774,0.21342873086734693,0.17994658801020408
gas_26194,WL,test,unetpp,0.8783227255709473,0.7830440587449933,0.27222562844880444,36.83701036692248,0.038863200694322586,0.1490752551020408,0.1703204719387755
gas_26264,WL,test,unetpp,0.789070262597587,0.6516234907982652,0.18591101694915255,21.56022895814391,0.059231504797935486,0.11084980867346939,0.16996173469387754
gas_26308,WL,test,unetpp,0.8707033783385414,0.7710138874386551,0.1461065025421461,14.088698787094243,0.043706152588129044,0.15896045918367346,0.17906967474489796
gas_26364,WL,test,unetpp,0.0,0.0,0.0,78.77182237323191,0.025729432702064514,0.0014349489795918368,0.024294483418367346
gas_26367,WL,test,unetpp,0.6524656426839127,0.48419221309016736,0.09962955741860012,37.21558813185679,0.17135682702064514,0.1665935905612245,0.3264708227040816
gas_2637f1e50defd9c1,WL,test,unetpp,0.8939172903716859,0.8081830432663359,0.18008382714265067,23.77277094793158,0.13333067297935486,0.5653698979591837,0.6914859693877551
gas_26417,WL,test,unetpp,0.873383194016718,0.7752264917213371,0.23475502291152625,12.136657380145783,0.028679050505161285,0.10070551658163265,0.12579719387755103
gas_26424,WL,test,unetpp,0.6892464013547841,0.5258397932816538,0.09386110452713914,32.00234317807464,0.1023995503783226,0.2137874681122449,0.11573262117346939
gas_26508,WL,test,unetpp,0.8155182865225298,0.6885022176731491,0.1381161542215715,25.0,0.07278379797935486,0.1913464604591837,0.2031847895408163
gas_26666,WL,test,unetpp,0.39338784841290775,0.24485551663747812,0.058168942842690946,61.61209294344836,0.1374960094690323,0.16017617984693877,0.0664859693877551
gas_26667,WL,test,unetpp,0.5921538850923816,0.4206098087156623,0.0794332331472735,62.66099080186116,0.1605747789144516,0.23206313775510204,0.16165098852040816
gas_26674,WL,test,unetpp,0.2405040504050405,0.13668917536320851,0.0,35.618789627050035,0.08408402651548386,0.09739716198979592,0.01331313775510204
gas_26697,WL,test,unetpp,0.37008316475612496,0.22705647107495,0.027656477438136828,50.34232593238107,0.2234135866165161,0.28714923469387754,0.06752232142857142
gas_26706,WL,test,unetpp,0.33439568521696494,0.2007653812187224,0.0,53.57048091833787,0.10821907222270966,0.1354033801020408,0.027184311224489797
gas_26711,WL,test,unetpp,0.7565347274085138,0.6084084084084084,0.2570342205323194,10.295630140987,0.012994260527193546,0.03278459821428571,0.0205875318877551
gas_26721,WL,test,unetpp,0.0,0.0,0.0,316.7838379715733,0.026287468150258064,0.0,0.0262874681122449
gas_26743,WL,test,unetpp,0.8213006188253176,0.6967854840195266,0.17793594306049823,23.816925458379693,0.06560905277729034,0.21330915178571427,0.15383848852040816
gas_26800,WL,test,unetpp,0.9146032401584411,0.8426441592583624,0.3351620947630923,33.24154027718932,0.09066087007522583,0.48873963647959184,0.5729033801020408
gas_26825,WL,test,unetpp,0.7893738140417458,0.6520376175548589,0.1678832116788321,23.0,0.03097098134458065,0.07517538265306123,0.07186702806122448
gas_26836,WL,test,unetpp,0.5036966118823467,0.33662732830939857,0.04715236686390532,124.0124992461457,0.1859654039144516,0.28005420918367346,0.0946468431122449
gas_26868,WL,test,unetpp,0.8896377422072451,0.8012139605462822,0.29490351311232066,25.361270417894485,0.04699457809329033,0.20107222576530612,0.22474888392857142
gas_26894,WL,test,unetpp,0.9090739008419083,0.8333047504716172,0.32569360675512665,8.94427190999916,0.01937181130051613,0.10646524234693877,0.10658482142857142
gas_26922,WL,test,unetpp,0.8473567393058918,0.7351422319474836,0.2664266426642664,16.315540257326806,0.060307715088129044,0.2058155293367347,0.18927375637755103
gas_26945,WL,test,unetpp,0.49544980896144497,0.32930095114969066,0.08748403575989783,99.12618221237011,0.43425142765045166,0.6458466198979592,0.21482382015306123
gas_27006,WL,test,unetpp,0.7812548815412653,0.6410322139622319,0.18002018163471242,20.223748416156685,0.08372528851032257,0.21033960459183673,0.17241310586734693
gas_27031,WL,test,unetpp,0.8237996610807757,0.7003905999871934,0.11447607510599636,26.0,0.09325175732374191,0.3063815369897959,0.22285554846938777
gas_27035,WL,test,unetpp,0.7582177669813351,0.6105883518225039,0.09240393208221627,53.65910164986005,0.15670838952064514,0.2651466836734694,0.382991868622449
gas_27100,WL,test,unetpp,0.8096376678315247,0.6801606922126081,0.15114503816793892,16.0,0.041254784911870956,0.09305245535714286,0.12366470025510204
gas_27117,WL,test,unetpp,0.2708106426015248,0.15661132856435867,0.047507917986331055,68.0294054067798,0.3736049234867096,0.06945551658163265,0.44290098852040816
gas_27195,WL,test,unetpp,0.6098802098802099,0.4387249316317229,0.1264808362369338,109.80437111996184,0.39267778396606445,0.6921037946428571,0.314453125
gas_27197,WL,test,unetpp,0.756944731939557,0.6089389196030107,0.09005112072355485,27.766816504656433,0.11700813472270966,0.29805086096938777,0.1833545918367347
gas_27200,WL,test,unetpp,0.7078939529341675,0.5478605680560679,0.22135471618484912,85.90692637965812,0.09771604090929031,0.18728077168367346,0.14724170918367346
gas_27225,WL,test,unetpp,0.47918776169234556,0.3150867343266393,0.02583829293075918,94.424041930516,0.37928491830825806,0.22197863520408162,0.5062779017857143
gas_27277,WL,test,unetpp,0.6679877185723929,0.5014876573483734,0.026594337126223867,56.442447392060494,0.30387037992477417,0.30568399234693877,0.6095543686224489
gas_27280,WL,test,unetpp,0.07175483763806993,0.03721250753725558,0.02564565649268557,157.03948491133886,0.22275589406490326,0.13926977040816327,0.10070551658163265
gas_27329,WL,test,unetpp,0.6231322634200332,0.452572347266881,0.12076224241081321,103.58257572921805,0.10857780277729034,0.19443558673469388,0.0936702806122449
gas_27365,WL,test,unetpp,0.6069743417930034,0.4357237343167515,0.051475453222178114,58.75881936501764,0.2805524468421936,0.21723533163265307,0.4965919961734694
gas_27376,WL,test,unetpp,0.7284102758555313,0.5728343521693753,0.15093860984271942,67.95586803212802,0.05709901079535484,0.11477598852040816,0.09546396683673469
gas_27386,WL,test,unetpp,0.36195018547959723,0.22096408929149142,0.017320762990572242,76.0,0.1919642835855484,0.21665736607142858,0.08420360331632654
gas_27429,WL,test,unetpp,0.628792057363486,0.4585679806918745,0.08046722907203115,87.14355971613737,0.4157963991165161,0.35216039540816324,0.7679567920918368
gas_27442,WL,test,unetpp,0.8032813253981019,0.671236559139785,0.18478023179532035,24.975883680627955,0.07312260568141937,0.16181042729591838,0.2099011479591837
gas_27450,WL,test,unetpp,0.0,0.0,0.0,316.7838379715733,0.13624043762683868,0.0,0.13624043367346939
gas_27456,WL,test,unetpp,0.6656302227058961,0.4988349062099499,0.06608633860365962,56.45573370000177,0.1714564710855484,0.19479432397959184,0.31798070790816324
gas_27516,WL,test,unetpp,0.8271111578504574,0.7051914283152515,0.18743818001978238,25.947060149482855,0.06552933901548386,0.158203125,0.22082270408163265
gas_27519,WL,test,unetpp,0.5644732546751854,0.393216815021766,0.05857253685027153,47.01063709417264,0.18612484633922577,0.12864716198979592,0.2987085459183674
gas_27568,WL,test,unetpp,0.8700498295305533,0.7699895555297668,0.15217391304347827,12.649110640673518,0.03950095549225807,0.14146205357142858,0.1625079719387755
gas_27582,WL,test,unetpp,0.6029968713979911,0.4316360207449316,0.15157116451016636,38.0295830954522,0.048050861805677414,0.040318080357142856,0.08071588010204081
gas_27596,WL,test,unetpp,0.2312248282397536,0.1307259576747924,0.04708344232278316,111.1220048493238,0.12934470176696777,0.050283003826530615,0.11796476403061225
gas_27605,WL,test,unetpp,0.724906642525744,0.568512602058928,0.16252452583387836,39.73030373778875,0.04844945669174194,0.10704320790816327,0.06907684948979592
gas_27629,WL,test,unetpp,0.9199073389521416,0.8516929816555626,0.16951360741169658,22.636221573170175,0.09715800732374191,0.6005460778061225,0.6125239158163265
gas_27632,WL,test,unetpp,0.8672778388950007,0.7656580480856391,0.09573921971252566,21.802335189403735,0.10819914191961288,0.44569116709183676,0.36953922193877553
gas_27702,WL,test,unetpp,0.8114697004875784,0.6827505372142997,0.15387299371946964,13.0,0.0323660708963871,0.09359056122448979,0.07808514030612244
gas_27728,WL,test,unetpp,0.9122850580420883,0.8387170414336264,0.19325657894736842,14.36479388063718,0.05632174760103226,0.29464285714285715,0.34745695153061223
gas_27762,WL,test,unetpp,0.7568771656884238,0.6088514705045793,0.13003509944843725,99.99399954993248,0.13703763484954834,0.21522241709183673,0.34843351403061223
gas_27791,WL,test,unetpp,0.6129263913824058,0.44188454568987834,0.05821994200312291,80.75730408389741,0.0859375,0.1272919323979592,0.0947265625
gas_27798,WL,test,unetpp,0.36578511205591985,0.2238292618396684,0.023679417122040074,46.56169382054018,0.17540258169174194,0.07493622448979592,0.20163026147959184
gas_27ca94691328ecd6,WL,test,unetpp,0.8652118912080962,0.7624435650186723,0.23948220064724918,26.370367951273206,0.08494100719690323,0.3117625956632653,0.3184191645408163
gas_2c5242c3a74d64a1,WL,test,unetpp,0.857747559459245,0.7509264406151566,0.09633155978717446,16.97056274847714,0.10716278851032257,0.3806999362244898,0.3726283482142857
gas_2eb428a22f35fa91,WL,test,unetpp,0.790279114533205,0.6532739279178932,0.16982013548236394,30.63900050189628,0.08685427159070969,0.24348294005102042,0.1706592793367347
gas_307232f62fc12423,WL,test,unetpp,0.7181656491852136,0.560264006600165,0.12816654125909205,40.311288741492746,0.11684869229793549,0.25767299107142855,0.15692761479591838
gas_32209,WL,test,unetpp,0.9744751178306911,0.9502208427838128,0.6133525456292027,2.8284271247461903,0.008310746401548386,0.16489955357142858,0.16069435586734693
gas_32237,WL,test,unetpp,0.4698526560682435,0.3070636680392778,0.11414279217826284,97.48486038813664,0.2179926633834839,0.2584901147959184,0.15270248724489796
gas_32272,WL,test,unetpp,0.7840919133893063,0.6448611716819305,0.053712746253578046,29.17532117774408,0.1460658460855484,0.4106544961734694,0.2658641581632653
gas_32323,WL,test,unetpp,0.8484401060891915,0.7367746224712698,0.2315646719783014,73.40980860893181,0.22094228863716125,0.6197783801020408,0.8380102040816326
gas_32347,WL,test,unetpp,0.8991615888578366,0.816797070084901,0.35490225791786634,29.716989494039396,0.08773118257522583,0.44503348214285715,0.424984056122449
gas_32385,WL,test,unetpp,0.8981315263836566,0.8150986691142726,0.24796821383420625,22.80350850198276,0.08029735088348389,0.38747608418367346,0.40076929209183676
gas_32390,WL,test,unetpp,0.6764462321069443,0.5110833035395066,0.08546819787985865,73.56492437034301,0.3815569281578064,0.7141860650510204,0.4650829081632653
gas_32435,WL,test,unetpp,0.8420858465681663,0.7272437633415109,0.11512667660208643,31.94446094468091,0.1706194132566452,0.6009646045918368,0.4794921875
gas_32511,WL,test,unetpp,0.8390746696632696,0.7227636849132176,0.16254962505513895,35.22782990761707,0.08276865631341934,0.2639309630102041,0.25039859693877553
gas_32539,WL,test,unetpp,0.8244895024446361,0.7013884641262462,0.14621087314662273,33.518635693884235,0.19459502398967743,0.6226482780612245,0.4860889668367347
gas_32638,WL,test,unetpp,0.8818933823529411,0.7887381833127826,0.25539568345323743,18.197146592318656,0.04097576439380646,0.19005102040816327,0.1568877551020408
gas_32649,WL,test,unetpp,0.6944871400758275,0.5319649935245869,0.07442141884737559,44.84244419565651,0.23768335580825806,0.31991390306122447,0.4580676020408163
gas_32725,WL,test,unetpp,0.7759954901860299,0.6339809077206499,0.031650806785271,21.886951517459675,0.08711335808038712,0.23800223214285715,0.15088887117346939
gas_32760,WL,test,unetpp,0.9413263026186434,0.8891562196614748,0.24595279890774333,10.234191511020473,0.05233577638864517,0.46914859693877553,0.42283163265306123
gas_32765,WL,test,unetpp,0.871584172066731,0.7723962660671522,0.11945031712473574,39.17330957001201,0.09281329810619354,0.3811782525510204,0.34157764668367346
gas_32778,WL,test,unetpp,0.9408899813917159,0.8883779445577198,0.23758058399696624,54.854304235730375,0.051279496401548386,0.4424625318877551,0.4250637755102041
gas_32783,WL,test,unetpp,0.8961642546181904,0.8118637744497149,0.13701383142215393,26.0,0.14070472121238708,0.7248086734693877,0.6302614795918368
gas_32826,WL,test,unetpp,0.853512738502261,0.7444589810681853,0.10087530492179653,25.0,0.13235411047935486,0.5053212691326531,0.3981983418367347
gas_32862,WL,test,unetpp,0.7296940670511192,0.5744238833532105,0.14587892049598833,50.92396274766889,0.22046396136283875,0.41306600765306123,0.40254304846938777
gas_32894,WL,test,unetpp,0.9232201181228952,0.8573898283774439,0.2155089738320318,52.84124245635965,0.09042171388864517,0.5857382015306123,0.5919363839285714
gas_32903,WL,test,unetpp,0.9435263054957951,0.893090202249271,0.32728682170542633,23.0,0.0920758917927742,0.7717833227040817,0.8586375956632653
gas_32922,WL,test,unetpp,0.8592639796080931,0.753254008155969,0.150450588055598,51.98124479648433,0.1760602742433548,0.5389429209183674,0.7120535714285714
gas_32934,WL,test,unetpp,0.9062020341727529,0.8284912410560079,0.12440516655336506,51.1399329551048,0.11082988232374191,0.6333904655612245,0.5481903698979592
gas_33027,WL,test,unetpp,0.745909662984198,0.5947814451382694,0.16535433070866143,74.30409404753948,0.2534877359867096,0.6192203443877551,0.3784080038265306
gas_33057,WL,test,unetpp,0.7282390117782247,0.5726225434831714,0.13552384113286867,71.42128534267638,0.37707269191741943,0.5696149553571429,0.8179009885204082
gas_33083,WL,test,unetpp,0.6633984212712921,0.49633221434788016,0.19902676399026764,130.23285693471317,0.08073581010103226,0.1434948979591837,0.0963608099489796
gas_33143,WL,test,unetpp,0.8872324351548728,0.79732053951299,0.21610738255033557,77.75885639640916,0.04462292790412903,0.20252710459183673,0.19318000637755103
gas_33164,WL,test,unetpp,0.8786852104898639,0.7836204594017094,0.30888925674557194,48.8746282510219,0.12916533648967743,0.5460379464285714,0.5186742665816326
gas_33190,WL,test,unetpp,0.8628495339547271,0.7587822014051522,0.14835787089467722,25.0,0.08005819469690323,0.33091517857142855,0.2528101084183674
gas_33203,WL,test,unetpp,0.633206203915586,0.4632785177468562,0.03002199063007936,87.73252146638791,0.2875079810619354,0.5044244260204082,0.2794164540816326
gas_33228,WL,test,unetpp,0.9501815811528075,0.9050913606528295,0.2686953062848051,8.48528137423857,0.04264987260103226,0.415836256377551,0.4402702487244898
gas_33266,WL,test,unetpp,0.8290803041349859,0.7080590642234478,0.1454023856258493,50.79268511172632,0.13081951439380646,0.4343311543367347,0.3310546875
gas_33280,WL,test,unetpp,0.9704074142044412,0.9425159306626264,0.45641618497109826,6.0,0.025709502398967743,0.438655931122449,0.4301259566326531
gas_332d133e00b331,WL,test,unetpp,0.8355502535043244,0.7175494314107161,0.08559892328398384,15.231546211727817,0.05494658648967743,0.14182079081632654,0.1923030931122449
gas_33301,WL,test,unetpp,0.7380658227848101,0.5848687166976954,0.09146608315098469,70.71633270993598,0.2577527165412903,0.5443837691326531,0.43965242346938777
gas_33333,WL,test,unetpp,0.5204407537527946,0.351753912574204,0.07751672097410393,89.8276126811795,0.3590959906578064,0.5060387436224489,0.2427654655612245
gas_33401,WL,test,unetpp,0.8535226077812829,0.7444739979822067,0.18100102145045965,48.58497137735006,0.0555245541036129,0.21488360969387754,0.16418207908163265
gas_33424,WL,test,unetpp,0.8213201394355111,0.6968135851936653,0.14289242929480053,52.0,0.1900111585855484,0.5224410076530612,0.5409757653061225
gas_33469,WL,test,unetpp,0.801310806092025,0.6684892215300497,0.14712153518123666,38.355967347635016,0.14742107689380646,0.3106066645408163,0.43136160714285715
gas_33471,WL,test,unetpp,0.9458995768043006,0.8973524305555556,0.30034579285361435,26.191580866656945,0.09426817297935486,0.8354193239795918,0.9070471938775511
gas_33529,WL,test,unetpp,0.8030481050052033,0.6709109266322638,0.13292955052598024,42.42640687119285,0.11692841351032257,0.31546954719387754,0.27822066326530615
gas_33540,WL,test,unetpp,0.9585698716593197,0.9204360864675747,0.33296378418329636,13.089948542807576,0.05076131969690323,0.6247608418367347,0.6004663584183674
gas_33584,WL,test,unetpp,0.6477697337692667,0.4790380380812573,0.14917033525228582,79.0,0.24047353863716125,0.452945631377551,0.22977120535714285
gas_33589,WL,test,unetpp,0.9440239712757988,0.8939823874755382,0.2570272572402044,13.379035964562537,0.043187979608774185,0.39259805484693877,0.37894610969387754
gas_33594,WL,test,unetpp,0.8757547802750755,0.7789713177427176,0.17842129845866417,39.1515328627798,0.11810427159070969,0.4843152104591837,0.4662587691326531
gas_33633,WL,test,unetpp,0.8424417634958581,0.7277748427068825,0.11787377549381725,31.0,0.11296237260103226,0.3754783163265306,0.3414779974489796
gas_33664,WL,test,unetpp,0.9769282563588144,0.9548971149196798,0.4250573274963519,7.615773105863909,0.03346221148967743,0.7178531568877551,0.7325015943877551
gas_33749,WL,test,unetpp,0.8952959028831563,0.8104395604395604,0.19627878603019674,33.0,0.1388911008834839,0.6223692602040817,0.7041414221938775
gas_33772,WL,test,unetpp,0.9567765567765568,0.9171348314606742,0.2631394533987386,9.0,0.050562020391225815,0.5982541454081632,0.5715282206632653
gas_33773,WL,test,unetpp,0.9197572488199596,0.8514357053682896,0.26513105639396345,36.41423405617167,0.0877511128783226,0.5538504464285714,0.5397201849489796
gas_33807,WL,test,unetpp,0.7637655417406749,0.617816091954023,0.17593948267447534,102.20078277586722,0.1510881632566452,0.2708067602040816,0.36876195790816324
gas_33850,WL,test,unetpp,0.862350484146573,0.7580106809078772,0.14396887159533073,45.967379738244816,0.1011439710855484,0.3529775191326531,0.38181600765306123
gas_33871,WL,test,unetpp,0.9003231557833742,0.8187161169377312,0.07249666221628838,23.597665299885286,0.14261798560619354,0.7488241390306123,0.6819794323979592
gas_33927,WL,test,unetpp,0.924651336931765,0.8598618928799396,0.2723951715374841,29.154759474226502,0.0962611585855484,0.6734494579081632,0.6040935905612245
gas_33945,WL,test,unetpp,0.8720314119312791,0.7730990216884932,0.25054434605893455,52.0,0.17472496628761292,0.5956831951530612,0.7696906887755102
gas_34000,WL,test,unetpp,0.6716494551263764,0.5056266643759127,0.11906514538093485,109.9069250485307,0.22939254343509674,0.4361049107142857,0.262515943877551
gas_34086,WL,test,unetpp,0.7333106411947411,0.5789190823284405,0.15808422430722235,100.22474744293447,0.24984055757522583,0.5612444196428571,0.37557796556122447
gas_34105,WL,test,unetpp,0.9525817116737302,0.9094568256927379,0.31815195971097,10.198039027185569,0.04259008169174194,0.44593032525510207,0.45224808673469385
gas_34119,WL,test,unetpp,0.874132077203071,0.7764073027602695,0.18186406460296098,92.80298297955095,0.08201131969690323,0.3328483737244898,0.31871811224489793
gas_34126,WL,test,unetpp,0.889657485431602,0.8012459882952615,0.1876372764355193,26.1725046566048,0.1049107164144516,0.5088887117346939,0.4418845663265306
gas_34146,WL,test,unetpp,0.6860262008733624,0.5221003655699568,0.17510121457489877,50.42120909017942,0.31525030732154846,0.35048628826530615,0.6535794005102041
gas_34197,WL,test,unetpp,0.9324936391360052,0.8735251360762704,0.20099383139136395,20.12461179749811,0.07455755770206451,0.5883290816326531,0.5161232461734694
gas_34203,WL,test,unetpp,0.8181747783327525,0.6922976116371261,0.10493413708417057,39.26189903525016,0.18718111515045166,0.5776068239795918,0.4518494897959184
gas_34253,WL,test,unetpp,0.8643566658914986,0.7611163117247836,0.1859114015976761,33.0,0.08137356489896774,0.31935586734693877,0.28055245535714285
gas_34282,WL,test,unetpp,0.8070366756586121,0.6764974741400048,0.05284619148589137,35.08559800903754,0.1340082883834839,0.41342474489795916,0.28105070153061223
gas_34293,WL,test,unetpp,0.9778205240301944,0.9566035583941606,0.5858876117496807,6.324555320336759,0.015166613273322582,0.3446468431122449,0.3391661352040816
gas_34323,WL,test,unetpp,0.8531003703352008,0.7438317602252028,0.22598353156450138,77.23855494113677,0.0616629458963871,0.22458944515306123,0.19517299107142858
gas_34329,WL,test,unetpp,0.8259273056250332,0.7034720333605294,0.1546699875466999,23.345235059857504,0.06519053131341934,0.21570073341836735,0.15880102040816327
gas_34338,WL,test,unetpp,0.9632147626563069,0.92903981264637,0.4992015330565315,10.63014581273465,0.01811623014509678,0.24613360969387754,0.24635283801020408
gas_34380,WL,test,unetpp,0.8745573218567867,0.7770785121634588,0.20501081012336259,36.6742416417845,0.1574258655309677,0.5490872130102041,0.7058753188775511
gas_34398,WL,test,unetpp,0.9825049897740433,0.9656116048724965,0.5140815468684321,5.0,0.02830038219690323,0.7963966836734694,0.8212292729591837
gas_34403,WL,test,unetpp,0.7065857915565003,0.5462950591881998,0.20155743024010384,91.67878707749138,0.3383888602256775,0.6094547193877551,0.5438257334183674
gas_34408,WL,test,unetpp,0.9017835243000806,0.8211345797970774,0.2749391727493917,35.0,0.055863361805677414,0.25851004464285715,0.31026785714285715
gas_34420,WL,test,unetpp,0.7637841387020639,0.6178404295024547,0.14425633132782986,61.328560023243334,0.2652862071990967,0.432437818877551,0.6906289859693877
gas_34463,WL,test,unetpp,0.8420280553772806,0.7271575613618368,0.1930494905385735,127.3860263807155,0.06867825239896774,0.2119738520408163,0.22277582908163265
gas_34467,WL,test,unetpp,0.7828852269442035,0.643230403800475,0.2117746717492588,49.756850395967994,0.11973851919174194,0.33322704081632654,0.21827168367346939
gas_34486,WL,test,unetpp,0.7457033676561942,0.5945191499579782,0.1902130225080386,56.06691986316443,0.26923230290412903,0.43283641581632654,0.6258968431122449
gas_34505,WL,test,unetpp,0.8789331473895232,0.7840149276939823,0.3109341619731987,124.53955142040984,0.08304767310619354,0.37790975765306123,0.3080556441326531
gas_34524,WL,test,unetpp,0.8195937873357229,0.694331983805668,0.19833068362480127,46.697954299455326,0.1263950914144516,0.297672193877551,0.40294164540816324
gas_34534,WL,test,unetpp,0.9588440201264353,0.9209417596034697,0.3285189718482252,8.0,0.03178810700774193,0.37071508290816324,0.4016661352040816
gas_34536,WL,test,unetpp,0.9417391722347739,0.8898932545991369,0.3082278481012658,10.0,0.04830994829535484,0.3975207270408163,0.43168048469387754
gas_34554,WL,test,unetpp,0.8623199279711885,0.7579634636945195,0.12699893390191896,53.49121466116848,0.1462850719690323,0.5482302295918368,0.5142697704081632
gas_34558,WL,test,unetpp,0.964894959821038,0.9321710573974356,0.3356938121733266,10.539313440518074,0.05598293989896774,0.8073182397959183,0.7874083227040817
gas_34598,WL,test,unetpp,0.6539104024297646,0.4857851985559567,0.07553850693419888,96.68091594892478,0.22710061073303223,0.29221141581632654,0.36397879464285715
gas_34645,WL,test,unetpp,0.550357327046342,0.3796503354340313,0.021043590294180802,64.1404708432983,0.24326370656490326,0.14887595663265307,0.3921396683673469
gas_34646,WL,test,unetpp,0.9310652040759507,0.8710215137781945,0.26446644664466445,12.0,0.04934630170464516,0.34590242346938777,0.369937818877551
gas_34663,WL,test,unetpp,0.8678417985992585,0.7665375718036025,0.15572255759517062,64.53293627958402,0.17900988459587097,0.5882892219387755,0.7662228954081632
gas_34752,WL,test,unetpp,0.8855099089238948,0.7945426487093153,0.2222737819025522,19.0,0.058374520391225815,0.26504703443877553,0.24481823979591838
gas_34822,WL,test,unetpp,0.906896472900999,0.8296528649100795,0.17300177619893428,37.22266766877619,0.08117426931858063,0.4681919642857143,0.40367904974489793
gas_34837,WL,test,unetpp,0.9532659689642728,0.9107050508533011,0.3855331841909023,10.601669917161018,0.03097098134458065,0.31831951530612246,0.34438775510204084
gas_34857,WL,test,unetpp,0.9489383821824143,0.9028380126302975,0.35038363171355497,7.0710678118654755,0.025450414046645164,0.25996492346938777,0.23846061862244897
gas_34864,WL,test,unetpp,0.792672016296643,0.6565506863058052,0.027675276752767528,46.01249775388816,0.3002032935619354,0.8733657525510204,0.5745974170918368
gas_34868,WL,test,unetpp,0.5431457966447307,0.37282096958900623,0.021744324970131422,149.60113459504913,0.09823421388864517,0.15662866709183673,0.05839445153061224
gas_34991,WL,test,unetpp,0.45598357686269775,0.2953230095416862,0.04793545325106787,66.1996963163702,0.17956791818141937,0.24836575255102042,0.0817123724489796
gas_34997,WL,test,unetpp,0.8415657036346692,0.7264682220434433,0.2096902303415409,88.64536084872124,0.14907525479793549,0.5239756058673469,0.41695232780612246
gas_35013,WL,test,unetpp,0.3545037990835798,0.21543884384913642,0.0032774945375091042,124.59793154128106,0.22179926931858063,0.2827048788265306,0.06090561224489796
gas_35016,WL,test,unetpp,0.8014955341688015,0.6687463893703062,0.16879795396419436,27.767612122247918,0.057138871401548386,0.12218989158163265,0.16565688775510204
gas_35056,WL,test,unetpp,0.833853151397011,0.7150498690588957,0.09760589318600368,23.769728648009426,0.10192123800516129,0.25599888392857145,0.35744180484693877
gas_35064,WL,test,unetpp,0.8218553928891544,0.6975844798072656,0.22705620832010162,74.82479365872695,0.19013074040412903,0.6183832908163265,0.4488998724489796
gas_35078,WL,test,unetpp,0.9312453206887946,0.8713368359603035,0.34127337488869103,20.15554997050348,0.04392538219690323,0.32166772959183676,0.317203443877551
gas_35155,WL,test,unetpp,0.9102703824796305,0.8353176492999334,0.22691247415575466,16.07786751923925,0.0689174085855484,0.38928970025510207,0.37876674107142855
gas_35195,WL,test,unetpp,0.8955852077773542,0.8109138107204993,0.2079646017699115,42.88800749063503,0.13645966351032257,0.6180843431122449,0.6888153698979592
gas_35216,WL,test,unetpp,0.8357630215129935,0.7178633190290142,0.24267908094308455,59.0,0.1755819469690323,0.6114277742346939,0.45764907525510207
gas_35237,WL,test,unetpp,0.9627145757706269,0.9281096150424106,0.4850521436848204,95.59514894783605,0.02415497414767742,0.3180404974489796,0.32979910714285715
gas_35277,WL,test,unetpp,0.9250624037389134,0.8605731225296442,0.28455622531698194,14.0,0.05624202638864517,0.3559470663265306,0.39457110969387754
gas_35288,WL,test,unetpp,0.9367977528089888,0.8811096433289299,0.2696681726125565,25.0,0.08968430757522583,0.7372847576530612,0.6817203443877551
gas_35299,WL,test,unetpp,0.7174737456242707,0.5594222677129534,0.08312056737588652,25.0,0.07720822840929031,0.17482461734693877,0.09845344387755102
gas_35342,WL,test,unetpp,0.5832840916551769,0.41171563629622765,0.04955179282868526,34.655446902326915,0.12649473547935486,0.21502311862244897,0.08852838010204081
gas_35346,WL,test,unetpp,0.49909660962907854,0.3325308030024076,0.06785179970078324,60.93846251044884,0.3757174611091614,0.2684351084183674,0.48164461096938777
gas_35398,WL,test,unetpp,0.8731388767958206,0.774841600989028,0.14717412610258085,20.0,0.08711335808038712,0.37123325892857145,0.31544961734693877
gas_35399,WL,test,unetpp,0.6793530626290434,0.5144092969930689,0.08652931854199683,66.43489454498345,0.18570631742477417,0.3776905293367347,0.20147082270408162
gas_35407,WL,test,unetpp,0.7410181717297822,0.5885852798589687,0.09747916243138849,77.00519130524022,0.29767218232154846,0.4358458227040816,0.7135483099489796
gas_35413,WL,test,unetpp,0.5853379516349423,0.41376521856327775,0.14515942028985507,79.85569484801415,0.5201291441917419,0.4360849808673469,0.8182597257653061
gas_35429,WL,test,unetpp,0.8159164747815664,0.6890700338314819,0.09791894852135816,70.0,0.2326211780309677,0.5159438775510204,0.7477279974489796
gas_35454,WL,test,unetpp,0.9105150412006676,0.835729794933655,0.15888678051865907,23.30661229757333,0.13570232689380646,0.7222377232142857,0.7942442602040817
gas_35504,WL,test,unetpp,0.8320950965824666,0.712468193384224,0.21017672873917684,61.59829423970706,0.11710777878761292,0.354671556122449,0.34279336734693877
gas_35529,WL,test,unetpp,0.7678678784878169,0.6232025487213341,0.026517531733065227,48.08326112068523,0.2616390287876129,0.6943757971938775,0.4327367665816326
gas_35544,WL,test,unetpp,0.808022239872915,0.6778836542946625,0.07574859175807887,49.09175083453431,0.19268175959587097,0.5916374362244898,0.4120296556122449
gas_35573,WL,test,unetpp,0.46787597176302387,0.3053773474862942,0.04418704418704419,64.63590316885372,0.11868223547935486,0.17085857780612246,0.05217633928571429
gas_35607,WL,test,unetpp,0.8279125402381748,0.7063573057990155,0.25912357334084823,46.0,0.19497369229793549,0.47327407525510207,0.6597177933673469
gas_35629,WL,test,unetpp,0.7392239640753986,0.5863245675773668,0.056598919475173655,52.0,0.38655930757522583,0.5479113520408163,0.9344308035714286
gas_35644,WL,test,unetpp,0.7145050883631348,0.555821016400081,0.10634834508952794,79.69814563195355,0.2186104953289032,0.2735969387755102,0.4921277104591837
gas_35658,WL,test,unetpp,0.6479818078453666,0.479270036161803,0.14064755619715405,36.235341863986875,0.12340561300516129,0.13526387117346939,0.21530213647959184
gas_35687,WL,test,unetpp,0.7372895210070296,0.5838943552563438,0.16023831922232676,63.90260805417015,0.032027263194322586,0.06130420918367347,0.06060666454081633
gas_35709,WL,test,unetpp,0.7753934970862153,0.6331776740048921,0.15819125277983692,57.87054518492115,0.16438138484954834,0.3867984693877551,0.34506536989795916
gas_35734,WL,test,unetpp,0.7307097759484477,0.5756837657001995,0.020433522021261908,43.31050348445205,0.2881656587123871,0.6791294642857143,0.39096380739795916
gas_35737,WL,test,unetpp,0.8840609137055837,0.7922125181950509,0.09157236450268016,23.0,0.14793924987316132,0.7104791135204082,0.5655293367346939
gas_35742,WL,test,unetpp,0.7169018817204301,0.5587272489197329,0.0429436593870435,45.5411901469428,0.13432717323303223,0.30115991709183676,0.17332987882653061
gas_35802,WL,test,unetpp,0.7629522579324987,0.6167524760664144,0.10300593528623396,73.0,0.3693997263908386,0.5945272640306123,0.9638073979591837
gas_35830,WL,test,unetpp,0.8095879253312056,0.6800904851006786,0.10909618453503554,46.67440319866286,0.2282963991165161,0.5564014668367347,0.6425581951530612
gas_35851,WL,test,unetpp,0.7481838549799715,0.5976787070181148,0.07973102785782901,38.01315561749642,0.14783960580825806,0.36746651785714285,0.21962691326530612
gas_35908,WL,test,unetpp,0.5934477591608772,0.42191661420754445,0.07331614566548501,47.124302740340084,0.2379225194454193,0.3728874362244898,0.21233258928571427
gas_35929,WL,test,unetpp,0.7646697615012404,0.6190002783632242,0.1426199818895261,59.08803454912853,0.19094786047935486,0.31533003826530615,0.49607382015306123
gas_35948,WL,test,unetpp,0.7831674661702585,0.6436115442322968,0.1121071270473661,47.99262191166154,0.2414301633834839,0.5562220982142857,0.5572185905612245
gas_35950,WL,test,unetpp,0.8197717196490897,0.6945874228715752,0.226313205694649,50.99019513592785,0.19038982689380646,0.5455795599489796,0.5108019770408163
gas_36024,WL,test,unetpp,0.8230377101605294,0.6992897880124825,0.15250637213254037,69.0,0.22277583181858063,0.518195950255102,0.7406927614795918
gas_36047,WL,test,unetpp,0.9490516206482593,0.9030430412135612,0.3267241379310345,81.32632025216535,0.08458226919174194,0.8137755102040817,0.8463807397959183
gas_36096,WL,test,unetpp,0.5286167934421387,0.35926520778960047,0.09734848484848485,65.90825222484116,0.25442442297935486,0.146484375,0.3932557397959184
gas_36113,WL,test,unetpp,0.6604121339781877,0.49299650342416157,0.09042102288782142,74.54999999999973,0.48838090896606445,0.47488839285714285,0.9632692920918368
gas_36123,WL,test,unetpp,0.6796726838519351,0.5147759010506716,0.0581339134638627,65.27633568147036,0.3635602593421936,0.38749601403061223,0.7474689094387755
gas_36127,WL,test,unetpp,0.9243051595467731,0.8592633568432213,0.26249195796697405,25.959570479501984,0.06084582209587097,0.3722297512755102,0.43160076530612246
gas_36140,WL,test,unetpp,0.6204020137434314,0.4496976799936073,0.07236842105263158,93.76188919489996,0.4117506444454193,0.3366749043367347,0.7480269451530612
gas_36151,WL,test,unetpp,0.6668249195547818,0.5001780556324932,0.042116466474076325,49.19806880800404,0.2517538368701935,0.25827088647959184,0.49734933035714285
gas_36166,WL,test,unetpp,0.82238918347404,0.698353965446878,0.1774480712166172,39.0,0.22096221148967743,0.5164819834183674,0.7275988520408163
gas_36222,WL,test,unetpp,0.7273467351199464,0.571519953778218,0.11684628474191719,70.0,0.4138432741165161,0.5519969706632653,0.9658402423469388
gas_36235,WL,test,unetpp,0.9078084742736154,0.8311806609833002,0.23757784550152378,38.27531841800928,0.14405293762683868,0.7363081951530612,0.8262316645408163
gas_36306,WL,test,unetpp,0.8564675646526997,0.7489665690091103,0.12379530337993756,38.88699974504975,0.12466119229793549,0.42257254464285715,0.44595025510204084
gas_36351,WL,test,unetpp,0.9091230760158047,0.8333873932317007,0.34694485842026823,40.975449510345165,0.09213568270206451,0.48684630102040816,0.5270049426020408
gas_36362,WL,test,unetpp,0.8923741007194245,0.8056638087815017,0.2504552226452574,28.183323889188284,0.08944515138864517,0.43923389668367346,0.3918407206632653
gas_36385,WL,test,unetpp,0.9480784865197425,0.9012825333166228,0.3573168751015105,8.48528137423857,0.047094229608774185,0.4445950255102041,0.46243223852040816
gas_36398,WL,test,unetpp,0.8187985802219526,0.6931913275009509,0.14894592117323557,34.20526275297414,0.08037707209587097,0.23776307397959184,0.2058155293367347
gas_36455,WL,test,unetpp,0.8597517951272153,0.7540040768782761,0.07151277013752456,50.54299143831908,0.20202885568141937,0.6600366709183674,0.7804727359693877
gas_36544,WL,test,unetpp,0.9320429984561724,0.872734573684915,0.39530467805972724,41.675940929594574,0.09474649280309677,0.6609733737244898,0.7332389987244898
gas_36574,WL,test,unetpp,0.8839761043605479,0.7920763236472216,0.22093023255813954,40.731425950484905,0.1706991344690323,0.8133569834183674,0.6578842474489796
gas_36602,WL,test,unetpp,0.9289731083926335,0.8673667446374359,0.33506189360990296,33.0,0.10622608661651611,0.6965082908163265,0.7990672831632653
gas_36683,WL,test,unetpp,0.8751659225292627,0.778040015019042,0.250478377344049,27.586228448267445,0.08246970921754837,0.3664700255102041,0.29416454081632654
gas_36731,WL,test,unetpp,0.7461627184810575,0.595103311633173,0.13495188101487315,39.01793693283664,0.11403858661651611,0.2750916772959184,0.1741669323979592
gas_36739,WL,test,unetpp,0.8870983668068804,0.7971040210100436,0.13098128838737325,19.4164878389476,0.11393893510103226,0.5174784757653061,0.4917091836734694
gas_36742,WL,test,unetpp,0.5871799381862954,0.4156084373777256,0.027278521351179096,65.71526952076455,0.3274274468421936,0.4401905293367347,0.3529575892857143
gas_36750,WL,test,unetpp,0.8124616404389561,0.6841561233771604,0.1491653841600568,61.27846166231575,0.15224410593509674,0.47652264030612246,0.3352798150510204
gas_36752,WL,test,unetpp,0.29250298361722904,0.1713051213623078,0.04921898025346301,96.04686356149273,0.25992506742477417,0.3098294005102041,0.05755739795918367
gas_36755,WL,test,unetpp,0.6430661864025213,0.4739112401493156,0.04085528827796869,65.00769185258002,0.1263950914144516,0.23893893494897958,0.11517458545918367
gas_36771,WL,test,unetpp,0.9107617598696848,0.8361455981941309,0.2651663405088063,41.030475120229724,0.11573261767625809,0.6717554209183674,0.6251395089285714
gas_36772,WL,test,unetpp,0.8611939145879991,0.7562252481961699,0.2581425346662367,63.0959415460183,0.17910952866077423,0.7115154655612245,0.5788424744897959
gas_36778,WL,test,unetpp,0.7702058942268873,0.6262884905784256,0.17822950819672131,67.21978782703633,0.11344069242477417,0.29456313775510207,0.19909917091836735
gas_36802,WL,test,unetpp,0.3902539042476848,0.24243196195813696,0.04179471419791026,154.02775301666486,0.3556082546710968,0.4694076849489796,0.11379942602040816
gas_36815,WL,test,unetpp,0.7606943350954148,0.6138068731848983,0.03979725924535386,27.294688127912362,0.12721221148967743,0.3294005102040816,0.20218829719387754
gas_36849,WL,test,unetpp,0.981241977114936,0.963174723607197,0.531093489148581,6.0,0.02708466164767742,0.717414700255102,0.7264827806122449
gas_36853,WL,test,unetpp,0.8026244507313549,0.6703197265232255,0.1745138178096213,69.39488067218198,0.19604989886283875,0.39993223852040816,0.5933514030612245
gas_36892,WL,test,unetpp,0.7480004681830595,0.5974446868183234,0.1453924914675768,60.01957885073704,0.12872688472270966,0.31473214285714285,0.19608976403061223
gas_36955,WL,test,unetpp,0.7595695181348018,0.6123434801381693,0.04859976027024082,55.14526271584895,0.28629225492477417,0.7326610331632653,0.4580875318877551
gas_36988,WL,test,unetpp,0.8573842315173186,0.7503696825888098,0.1532122691896841,34.92849839314596,0.1446707546710968,0.4969108737244898,0.5174984056122449
gas_36997,WL,test,unetpp,0.7665545549889696,0.6214742274086671,0.129469326307866,65.28093044960322,0.12864716351032257,0.33260921556122447,0.21847098214285715
gas_37082,WL,test,unetpp,0.9013247579433046,0.8203741410027997,0.29329810233005044,29.82783126606681,0.05626195669174194,0.28746811224489793,0.2827048788265306
gas_37148,WL,test,unetpp,0.9550746591646829,0.91401234312223,0.3156580211335255,13.0,0.041374363005161285,0.44754464285714285,0.47341358418367346
gas_37149,WL,test,unetpp,0.9018006097911753,0.8211629125196438,0.1614941460695038,17.26267650163207,0.06804049760103226,0.3134167729591837,0.3794642857142857
gas_3716de30b08f197e,WL,test,unetpp,0.8267669906294632,0.7046912114014252,0.2798483891345546,80.71864603433531,0.09911113232374191,0.24461894132653061,0.32750717474489793
gas_37179,WL,test,unetpp,0.9169024456416418,0.8465557344784398,0.20478452663725824,18.126697389329692,0.08545918017625809,0.4717594068877551,0.5566605548469388
gas_37224,WL,test,unetpp,0.942540604496074,0.8913255757181219,0.3720519813893791,33.24830432873889,0.053232621401548386,0.458805006377551,0.46763392857142855
gas_37253,WL,test,unetpp,0.6475518591631338,0.47879977029096477,0.06709533128319821,65.47327290131862,0.43411192297935486,0.40196508290816324,0.8297393176020408
gas_37258,WL,test,unetpp,0.4258614564831261,0.27053619786965155,0.04661615513034545,85.99883571590372,0.6442123651504517,0.2389190051020408,0.8831313775510204
gas_3983ef8b1ed81f96,WL,test,unetpp,0.8943294632340568,0.8088570993760462,0.287201233616037,12.806248474865697,0.025031886994838715,0.11363998724489796,0.12324617346938775
gas_399089815c853d04,WL,test,unetpp,0.767333049766057,0.6224982746721878,0.0937872340425532,40.45985664828782,0.16352438926696777,0.3143933354591837,0.3884327168367347
gas_3a255ecf9e670be2,WL,test,unetpp,0.6738989637305699,0.5081807081807082,0.10768012668250197,84.07734534343957,0.04013871029019356,0.08143335459183673,0.04165338010204082
gas_3b435fdd910145bf,WL,test,unetpp,0.9037482175595845,0.8243984019325467,0.21362852213916045,13.0,0.0376674123108387,0.19220344387755103,0.1991390306122449
gas_3dbd875cfccb39c1,WL,test,unetpp,0.4321035936209968,0.2755944792417272,0.0554034126816937,85.56284240252891,0.2604631781578064,0.35387436224489793,0.10477120535714286
gas_3dea7feb55d12615,WL,test,unetpp,0.8272662843888925,0.7054169871442698,0.17423212829573254,82.09476205841314,0.0534319207072258,0.13628029336734693,0.17305086096938777
gas_3e730c10800bc1b5,WL,test,unetpp,0.6237352160813059,0.45320873088485164,0.16666666666666666,71.0658137563837,0.16675302386283875,0.24964126275510204,0.19353874362244897
gas_429eb21b5d8fa298,WL,test,unetpp,0.9103534044978754,0.8354574852577515,0.30917785543498255,33.999684866583365,0.08619658648967743,0.4469467474489796,0.5145687181122449
gas_48de9b8011978ea3,WL,test,unetpp,0.2912353347135956,0.1704361873990307,0.0899497487437186,86.13470769143481,0.040935903787612915,0.009506536989795918,0.04825015943877551
gas_492a0f21b30724b4,WL,test,unetpp,0.7859689382452977,0.6474043070276109,0.11463462674807957,27.892651361962706,0.10409358888864517,0.22614397321428573,0.2602040816326531
gas_49ef4bb86df23206,WL,test,unetpp,0.9140085061137693,0.8416350507893771,0.300462249614792,16.55294535724685,0.05157844349741936,0.30723852040816324,0.29257015306122447
gas_4a08c2156c1af3e1,WL,test,unetpp,0.9277657114832201,0.8652639832723471,0.453001579778831,11.257834914721304,0.020547673106193542,0.13498485331632654,0.1494738520408163
gas_4c1e9e5c3d7b04aa,WL,test,unetpp,0.3743988161302257,0.23031406463359125,0.016004988567865308,74.65252842335616,0.20220822095870972,0.2418486926020408,0.0813735650510204
gas_4c6bc42408c15945,WL,test,unetpp,0.7962727272727272,0.661505928555245,0.1502861408310525,46.92063126063112,0.08932557702064514,0.26333306760204084,0.17512356505102042
gas_4c923842d416ee05,WL,test,unetpp,0.9033534201205208,0.823741610738255,0.2677959992791494,23.0,0.08374521881341934,0.4096779336734694,0.45683195153061223
gas_51e15d9fc253b929,WL,test,unetpp,0.8240270727580372,0.7007194244604317,0.159853249475891,10.770329614269007,0.020727040246129036,0.05512595663265306,0.06265943877551021
gas_57400b1ef742d248,WL,test,unetpp,0.8230422740116946,0.6992963772939051,0.15943164018796152,33.064327136729496,0.12605628371238708,0.33533960459183676,0.3770129145408163
gas_58bcd3cfea77aeba,WL,test,unetpp,0.911805288515913,0.8379063773177018,0.2715542521994135,30.538430798053565,0.0777064710855484,0.4086814413265306,0.4723971619897959
gas_5949f8f040a1bf90,WL,test,unetpp,0.6939699060979749,0.5313582813582813,0.07339651752259202,39.6232255123179,0.10782047361135483,0.13829320790816327,0.2140266262755102
gas_5970bae689dba9d0,WL,test,unetpp,0.528869707220343,0.3594988899460831,0.08407738095238096,41.647909819586914,0.0804966539144516,0.07760682397959184,0.09325175382653061
gas_599f943d393b7123,WL,test,unetpp,0.0,0.0,0.0,131.10167724194912,0.0407366082072258,0.006915656887755102,0.03382095025510204
gas_59a51f2a5d2a3e8,WL,test,unetpp,0.7381719871061662,0.5850020601565719,0.1383273036816344,131.4602110679891,0.10036671161651611,0.21745455994897958,0.16587611607142858
gas_59ef58d465a92352,WL,test,unetpp,0.0,0.0,0.0,316.7838379715733,0.24718989431858063,0.0,0.24718989158163265
gas_5ba18fd49a0081de,WL,test,unetpp,0.666978222263763,0.5003505819660636,0.06003201707577375,40.69080480360566,0.1420200914144516,0.14231903698979592,0.28413982780612246
gas_5cb891a480bdc4a8,WL,test,unetpp,0.5968336586423769,0.4253477588871716,0.036857781087118395,47.05004677514102,0.07409916818141937,0.0548469387755102,0.12894610969387754
gas_5cc375b24687ce5,WL,test,unetpp,0.6838749531184504,0.5196124446828483,0.12040429564118763,83.19074447995418,0.2855747640132904,0.4581672512755102,0.4451929209183674
gas_5dee235d9e270282,WL,test,unetpp,0.8739041320036515,0.7760477210156012,0.15805168986083498,41.97618372363071,0.14590640366077423,0.5395607461734694,0.617546237244898
gas_5e6f9b39f8046a49,WL,test,unetpp,0.958031035872632,0.9194429669745177,0.40182141270546423,6.324555320336759,0.033203125,0.40810347576530615,0.38303172831632654
gas_5edeadd9ebe7869f,WL,test,unetpp,0.8058215243201838,0.6747915330339962,0.10679414157851912,41.282466869682786,0.09093989431858063,0.26700015943877553,0.2013313137755102
gas_63d8054530464346,WL,test,unetpp,0.6500273580537902,0.48151150464550724,0.09561838981221671,46.66636758455786,0.16571667790412903,0.17566167091836735,0.2978515625
gas_63e37db7cf4c20e,WL,test,unetpp,0.8401595144340498,0.7243750540610674,0.17832866853258697,33.24154027718932,0.12701290845870972,0.3459622130102041,0.4486607142857143
gas_655f41ed01411858,WL,test,unetpp,0.810057120051882,0.6807529451222069,0.1308446455505279,36.05551275463989,0.15176577866077423,0.47225765306122447,0.32674984056122447
gas_662b6efe64b3c9c2,WL,test,unetpp,0.6075874986227918,0.4363559634963338,0.06578735724626025,47.47421631763917,0.21295040845870972,0.1698620854591837,0.3728077168367347
gas_67934ddd0f22d48d,WL,test,unetpp,0.3052854349165528,0.18013973633460845,0.02907649099620023,146.9366843739469,0.5168406963348389,0.6304009885204082,0.11356026785714286
gas_682bbcb62482730a,WL,test,unetpp,0.9277948268303375,0.8653146338471603,0.3285077951002227,29.257462685711786,0.06564891338348389,0.4391940369897959,0.47000558035714285
gas_689042d263bc8e46,WL,test,unetpp,0.8405582314437446,0.7249680443118875,0.14947643979057593,25.52835156039561,0.05145886540412903,0.18702168367346939,0.13572225765306123
gas_6b18768c21b346c7,WL,test,unetpp,0.8930611079383209,0.8067844705275378,0.43411349791599874,17.060136106870445,0.02985491044819355,0.1316764987244898,0.14750079719387754
gas_6d7c98badeba84a3,WL,test,unetpp,0.8604864149791391,0.7551348455081265,0.13922077922077922,18.027756377319946,0.05464763939380646,0.1707389987244898,0.22096221301020408
gas_6d8db7f22836bb32,WL,test,unetpp,0.8547899159663865,0.7464044614029939,0.22721404595920475,21.37755832643195,0.05165816470980644,0.1688655931122449,0.18688217474489796
gas_6ddaa81227149783,WL,test,unetpp,0.7345151579651534,0.5804219328175309,0.059233449477351915,38.7043920224481,0.17400749027729034,0.24123086734693877,0.41420200892857145
gas_6f3ad758ce06bff8,WL,test,unetpp,0.8431826202894004,0.7288813559322034,0.14159891598915988,21.815000015549685,0.07969945669174194,0.21613919005102042,0.29209183673469385
gas_70465dc14f05463f,WL,test,unetpp,0.6426081607545623,0.4734138972809668,0.07440039158100832,20.0,0.0347377248108387,0.05994897959183673,0.03724888392857143
gas_70b1c1f1d71355d0,WL,test,unetpp,0.6630901287553648,0.4959871589085072,0.11647535449020932,61.60356918633343,0.05006377398967743,0.09901147959183673,0.04958545918367347
gas_7197a61a3501925b,WL,test,unetpp,0.8125128967025711,0.6842288176826301,0.1925786754344763,36.24637870942435,0.0905412957072258,0.2793765943877551,0.20354352678571427
gas_7635ff3a57275515,WL,test,unetpp,0.5963395012067578,0.4248459664708411,0.09142548011901541,80.43505311774938,0.07999840378761292,0.1297233737244898,0.06845902423469388
gas_775d8d2656f6d214,WL,test,unetpp,0.73457654603081,0.5804986020503262,0.09335589049523224,21.77700553711189,0.14353476464748383,0.23887914540816327,0.30189732142857145
gas_798920ee2bf93e51,WL,test,unetpp,0.782525786599636,0.6427452655560302,0.0253826054497947,38.055205870523686,0.10000797361135483,0.18084343112244897,0.27901785714285715
gas_7aaebf44fef8315d,WL,test,unetpp,0.9379310344827586,0.8831168831168831,0.4941105406221685,11.661903789690601,0.022241709753870964,0.17920918367346939,0.17912946428571427
gas_7b7e8f2940736ed3,WL,test,unetpp,0.7259958222286249,0.5698535647650816,0.08223226703755215,53.1469635124327,0.15162627398967743,0.28037308673469385,0.2729990433673469
gas_7b9e27086f4aad56,WL,test,unetpp,0.8985236985236985,0.815744920993228,0.20963026655202063,36.593631955020534,0.10411351919174194,0.5139508928571429,0.5120376275510204
gas_7d1af9851178807d,WL,test,unetpp,0.8316207699684889,0.7117729831144465,0.2366314441242395,27.294688127912362,0.04898756369948387,0.12721221301020408,0.1637236926020408
gas_7eac617a66f26f15,WL,test,unetpp,0.9633788439453873,0.9293451501723289,0.37937384898710863,8.06225774829855,0.02859933115541935,0.3924186862244898,0.38853236607142855
gas_7eec66223beec774,WL,test,unetpp,0.7820759030635573,0.6421384592281123,0.10064365125804564,35.73513677041127,0.09498564898967743,0.1849091198979592,0.25095663265306123
gas_817ad9575f439519,WL,test,unetpp,0.7466386554621849,0.5957090177673483,0.07756514657980457,45.705577493971056,0.09614158421754837,0.18959263392857142,0.18987165178571427
gas_81f81db7acd61c54,WL,test,unetpp,0.9868986254295533,0.9741361034555862,0.6359114648097488,3.605551275463989,0.019451530650258064,0.7461336096938775,0.7385602678571429
gas_84fe6f8abebd93e2,WL,test,unetpp,0.6458031088082902,0.47689011325374964,0.0970917225950783,31.396651065740986,0.03406010940670967,0.0651108099489796,0.031050701530612245
gas_869cec7f162a400d,WL,test,unetpp,0.0,0.0,0.0,316.7838379715733,0.008828922174870968,0.0,0.00882892219387755
gas_8909db883335355c,WL,test,unetpp,0.5168953135070435,0.34852247330519,0.03007518796992481,42.0,0.10457190871238708,0.11459661989795919,0.10186144770408163
gas_8998f65629b4de5f,WL,test,unetpp,0.8241345752815237,0.7008749113265548,0.10244988864142539,10.302863959383172,0.025211255997419357,0.06052694515306122,0.08282844387755102
gas_89c5020ed9db1d57,WL,test,unetpp,0.759399799008906,0.612122905027933,0.005876777251184834,23.01412376318774,0.13837292790412903,0.21837133290816327,0.3567442602040816
gas_8aea7a30875713f,WL,test,unetpp,0.8705123872410118,0.7707144172343952,0.2053992826127997,53.43406089895792,0.09927056729793549,0.3391860650510204,0.42745535714285715
gas_8d28577af362e689,WL,test,unetpp,0.8910154446097799,0.8034516263360015,0.08798324128737384,21.93171219946131,0.08466199040412903,0.35317681760204084,0.423648756377551
gas_8d8b007b3fd46301,WL,test,unetpp,0.8552243599100808,0.747067224319086,0.14269891083625624,32.763542742127655,0.09883210808038712,0.33272879464285715,0.3499282525510204
gas_8e8bdaf5e301900b,WL,test,unetpp,0.9448838358872961,0.8955258842820333,0.4237542150618209,9.0,0.017777424305677414,0.1624481823979592,0.1600964604591837
gas_8efe14a382645a12,WL,test,unetpp,0.6936255385554839,0.5309546068349434,0.06835564053537285,63.8200595424354,0.35997289419174194,0.4075454400510204,0.7673987563775511
gas_8fb56c790b418f69,WL,test,unetpp,0.7130242825607064,0.5540308747855918,0.11625466417910447,80.15110433586172,0.21245217323303223,0.4557358099489796,0.28457828443877553
gas_9060b2efbe30bf86,WL,test,unetpp,0.8392857142857143,0.7230769230769231,0.1696149843912591,15.66836708833285,0.046635840088129044,0.12928491709183673,0.1608936543367347
gas_91ccd8fa7b9b1e01,WL,test,unetpp,0.8803197234823936,0.7862241944819602,0.20489977728285078,34.26353474359189,0.06624680757522583,0.295719068877551,0.2578125
gas_91ee96934ef9c3ff,WL,test,unetpp,0.7189568706118356,0.5612276855621673,0.2065479056331247,28.287792402333086,0.02792171575129032,0.051678093112244895,0.04767219387755102
gas_92de75453d10bc2f,WL,test,unetpp,0.8298696724198662,0.7092113184828417,0.2855504587155963,18.973665961010276,0.01925223134458065,0.05151865433673469,0.061643016581632654
gas_961b9f5b66998f40,WL,test,unetpp,0.800131557309653,0.6668494051861192,0.2390300230946882,52.634112419625986,0.12111368030309677,0.2629942602040816,0.34297273596938777
gas_9a1d80e485e2b64c,WL,test,unetpp,0.672406462585034,0.5064851881505205,0.16226259289843104,41.44875828899676,0.06142378970980644,0.06558912627551021,0.12191087372448979
gas_9b0f96ca33950c7d,WL,test,unetpp,0.9421277272606771,0.8905874097834804,0.31838355524410183,12.583580035680992,0.04350685700774193,0.39588647959183676,0.3558872767857143
gas_9b494fd2910c7670,WL,test,unetpp,0.0161892901618929,0.008160703075957313,0.04217687074829932,61.5223536610881,0.06297831982374191,0.0005181760204081633,0.06349649234693877
gas_9d9d0cc4128689f,WL,test,unetpp,0.8392101551480959,0.7229647630619684,0.08798849196835291,52.615704115511484,0.04998405650258064,0.17103794642857142,0.13982780612244897
gas_9f473facf6744b3b,WL,test,unetpp,0.18618618618618618,0.10264900662251655,0.054661487236403995,81.39686699565232,0.19443558156490326,0.2156608737244898,0.02325813137755102
gas_9f76904bd28416ac,WL,test,unetpp,0.6899811611577324,0.5266956021544736,0.10494180499904598,60.3405916553706,0.1803850382566452,0.20358338647959184,0.37826849489795916
gas_9f9e7b8fed814fd1,WL,test,unetpp,0.6845056065239552,0.5203409531189461,0.10764153338410765,45.880278987817846,0.09869260340929031,0.19891980229591838,0.11389907525510204
gas_a0953456b09081ef,WL,test,unetpp,0.5216185154361352,0.35283079562513403,0.11036468330134357,101.95218297341624,0.24057318270206451,0.1718152104591837,0.33107461734693877
gas_a10835becb3455b,WL,test,unetpp,0.8195491153734191,0.6942678649715037,0.09530700847632831,33.87915040283996,0.1111886128783226,0.3075374681122449,0.30863360969387754
gas_a3c9b7ce62548ce1,WL,test,unetpp,0.8296879326029348,0.7089458920544797,0.13100177830468288,46.61544808322666,0.17163583636283875,0.4208187181122449,0.5869539221938775
gas_a57cf7228b2a7836,WL,test,unetpp,0.6264524458470807,0.4560835509138381,0.05509380194728093,32.57299494980466,0.1037946417927742,0.17568160076530612,0.10218032525510204
gas_a5f11d17c4137ad7,WL,test,unetpp,0.33104238258877433,0.19835277968428278,0.1117964533538936,96.78790699176669,0.06983418017625809,0.017637914540816327,0.08675462372448979
gas_a74b813fc517d364,WL,test,unetpp,0.600680328548909,0.42926597889244633,0.1321446018563752,24.74345135988839,0.09592235088348389,0.08434311224489796,0.15587133290816327
gas_a8da85e4a70eacee,WL,test,unetpp,0.8867159206142257,0.7964866623292127,0.2348553756594506,23.021728866442675,0.09351084381341934,0.3694395727040816,0.45601482780612246
gas_aa4ce664d98ed4d4,WL,test,unetpp,0.6737190082644628,0.5079760717846461,0.17942942942942944,15.755768940421714,0.0196707583963871,0.022022480867346938,0.03826530612244898
gas_aa93f9be6e61fae5,WL,test,unetpp,0.86954290531872,0.7691958495460441,0.13653757844788,38.897300677553446,0.14186064898967743,0.5246532206632653,0.5627590880102041
gas_ace9f625447dd6ba,WL,test,unetpp,0.837701550146299,0.720728441349759,0.15932746196957567,17.0,0.051957111805677414,0.16396285076530612,0.1561702806122449
gas_ae3a2710aa6cd99,WL,test,unetpp,0.9694336536495605,0.9406804880468208,0.453679825431462,8.0,0.03575414419174194,0.5782445790816326,0.5914779974489796
gas_af8e3ef6907001e9,WL,test,unetpp,0.9625422755408078,0.9277893959896666,0.4448488241881299,8.94427190999916,0.023397639393806458,0.31118463010204084,0.31345663265306123
gas_b0b5280c1fb80a44,WL,test,unetpp,0.7498383968972204,0.5997931747673216,0.3188118811881188,11.004536101718724,0.01542570162564516,0.025271045918367346,0.03639190051020408
gas_b11a492b3ac28e92,WL,test,unetpp,0.9088736181655214,0.8329682365826944,0.3554476806903991,5.507425056195546,0.012157206423580647,0.06798070790816327,0.0654296875
gas_b23f1383c2b99ed6,WL,test,unetpp,0.807167691896229,0.6766816143497758,0.215570628133294,95.42977838338625,0.0431082583963871,0.10728236607142858,0.11627072704081633
gas_b2b6bccf1e997609,WL,test,unetpp,0.9110053005120834,0.8365562302006336,0.33497088791848617,37.16180835212409,0.09871253371238708,0.5742586096938775,0.5349370216836735
gas_b7cfad3a4736f0fe,WL,test,unetpp,0.7813024818063071,0.6410963099065993,0.1802154750244858,119.81652640600127,0.04671556130051613,0.12946428571428573,0.08414381377551021
gas_befc1d1ab417d6ea,WL,test,unetpp,0.3391032917139614,0.20416880232359474,0.0972875226039783,84.02520639268619,0.09283322840929031,0.09737723214285714,0.043088329081632654
gas_bf8fb7928a4e7abe,WL,test,unetpp,0.8452049824646269,0.7319091004293643,0.27151051625239003,22.49441087702241,0.051020409911870956,0.14463089923469388,0.1849689094387755
gas_c233b8c7b906dc6,WL,test,unetpp,0.8450716886152186,0.7317092154420921,0.18993839835728954,51.0,0.13739636540412903,0.38496492346938777,0.5018734056122449
gas_c3705c09c861bf91,WL,test,unetpp,0.9092956592956593,0.8336774920217759,0.2772491349480969,6.32848376619156,0.017657844349741936,0.09097975127551021,0.10369499362244898
gas_c881d80e23e5121a,WL,test,unetpp,0.7445074415308292,0.5930002822466836,0.1656708310700706,16.885161256234056,0.02873883955180645,0.06895727040816327,0.04352678571428571
gas_c9dd9ccd4f5029dc,WL,test,unetpp,0.6610297448286275,0.4936851601262968,0.13029576338928858,33.9852781980446,0.04474250599741936,0.07244499362244898,0.05955038265306122
gas_cbcf40db4b93d7da,WL,test,unetpp,0.799006098938333,0.6652873909118266,0.07522207522207522,21.0,0.08866789191961288,0.24443957270408162,0.19670758928571427
gas_cd452a5ea2593442,WL,test,unetpp,0.0,0.0,0.0,72.7951734691802,0.033143334090709686,0.012316645408163265,0.02082669005102041
gas_cd801bed9d4dd20c,WL,test,unetpp,0.7301356268607344,0.5749713452120454,0.11035966799877037,29.732137494637012,0.08129384368658066,0.13083944515306123,0.17040019132653061
gas_d17e8e3a43c3ea09,WL,test,unetpp,0.5805772699939867,0.40902351196780345,0.12330508474576271,26.804576081962594,0.055604271590709686,0.09303252551020408,0.039540816326530615
gas_d5ce0ebb1656ecbc,WL,test,unetpp,0.8435190005205622,0.7293842275837235,0.08681736347269454,23.664262486320386,0.08986368030309677,0.26307397959183676,0.3112045599489796
gas_d686ed6a25e462bb,WL,test,unetpp,0.5727757277572776,0.4013214593507613,0.1740147561633975,96.08379825349532,0.45687180757522583,0.3122409119897959,0.7571548150510204
gas_d84bc2923f5a23aa,WL,test,unetpp,0.5377080136905464,0.36771589991928977,0.03113815318539728,51.82660980766905,0.07806520909070969,0.04767219387755102,0.12119339923469388
gas_d8798873c610aea1,WL,test,unetpp,0.8644795463750506,0.7613068911399629,0.1558242180003838,28.23466502074011,0.0666852667927742,0.22544642857142858,0.26662149234693877
gas_dbf8cc54cf41f863,WL,test,unetpp,0.8898374779714118,0.8015380273740652,0.2593625498007968,15.811388300841896,0.05606266111135483,0.24533641581632654,0.26357222576530615
gas_dc75168d7b60aa8e,WL,test,unetpp,0.7425597060624617,0.5905327749099055,0.1806133056133056,37.630389096594044,0.08378507941961288,0.14405293367346939,0.1814014668367347
gas_dcc022000fa6e31f,WL,test,unetpp,0.9089199916440359,0.8330461420639479,0.17303703703703704,36.836752100031596,0.1390306055545807,0.7611607142857143,0.7653061224489796
gas_de65c35419404808,WL,test,unetpp,0.7730619895568349,0.6300742034046268,0.12841756420878211,15.004994456755936,0.03378108888864517,0.08814971301020408,0.0607063137755102
gas_df970e0ff3321446,WL,test,unetpp,0.9038891372373715,0.8246329526916802,0.37409024745269287,4.123105625617661,0.00856983382254839,0.046875,0.042291135204081634
gas_e07325477c13a0ee,WL,test,unetpp,0.8947777674100339,0.8095908144312489,0.27728666786938483,32.7566787083184,0.13484534621238708,0.5815927933673469,0.6999362244897959
gas_e1a8f88223359c38,WL,test,unetpp,0.0,0.0,0.0,316.7838379715733,0.021404655650258064,0.0,0.0214046556122449
gas_e1d5e122fe006010,WL,test,unetpp,0.7823542368081559,0.6425138250038762,0.16386925795053003,54.582505057572284,0.13785475492477417,0.3726283482142857,0.26076211734693877
gas_eb191d17dabec217,WL,test,unetpp,0.6417681367031618,0.47250263673346393,0.08015899304405433,33.27835177264506,0.06977439671754837,0.07533482142857142,0.11943957270408163
gas_eb89fb15f2135777,WL,test,unetpp,0.41498685363716037,0.2618191871716892,0.2275306061510899,105.03807797699604,0.21285076439380646,0.28724888392857145,0.07659040178571429
gas_ebb3196cddd73b79,WL,test,unetpp,0.6204816438097931,0.4497813610276032,0.041886441203847345,66.2872536767062,0.16049505770206451,0.2790377869897959,0.14385363520408162
gas_ec69934d2b8a4b46,WL,test,unetpp,0.6573022514445108,0.4895385071969135,0.16737468139337297,41.15032997454669,0.13711734116077423,0.1327327806122449,0.26737882653061223
gas_f1596640e50aca4c,WL,test,unetpp,0.8970060352648811,0.8132465488877763,0.23260643821391486,27.46903908231129,0.0520368292927742,0.26454878826530615,0.24069276147959184
gas_f35ce658a4f2e858,WL,test,unetpp,0.8634171369933299,0.7596605272661611,0.2180195495112622,14.866068747318506,0.02652662619948387,0.1083187181122449,0.08589764030612244
gas_f791f19ef6342194,WL,test,unetpp,0.6972258128666601,0.5351854678675011,0.21400639886242445,28.2019378761097,0.0606863833963871,0.12952407525510204,0.07091039540816327
gas_f85adf1c58b8f348,WL,test,unetpp,0.7553011161927912,0.6068143275605118,0.1774002370604504,47.0132185098268,0.1524832546710968,0.2493622448979592,0.3737842793367347
gas_fb6c1066f3e7ffb4,WL,test,unetpp,0.7927335145186668,0.6566350710900474,0.21219758064516128,17.804493814764857,0.02887834794819355,0.08344626913265306,0.05588329081632653
gas_fd4acd1c054ac1f3,WL,test,unetpp,0.812528233699744,0.6842505706314989,0.2458501570210857,20.054891133597184,0.02481265924870968,0.07796556122448979,0.054388552295918366
gas_fd72ea2367425440,WL,test,unetpp,0.9348485917978401,0.8776673293571902,0.3455691509084168,6.0,0.01839524880051613,0.14335538903061223,0.13899075255102042
gas_febf7a32e29b581c,WL,test,unetpp,0.6845124282982792,0.5203488372093024,0.20168067226890757,11.466791635666185,0.013153699226677418,0.014309630102040817,0.027383609693877552
gas_ff5e8da5fcfd55dd,WL,test,unetpp,0.9076810355354744,0.8309670206819452,0.20658293633607622,24.0,0.0602678582072258,0.310546875,0.3422751913265306
