model,modal,frequency_metric,prediction_metric,spearman,pearson
swin_unet,WL,boundary_freq_gap,Boundary_IoU,0.25476644861385683,0.2939132932404841
swin_unet,WL,boundary_freq_gap,Dice,0.23453388543666834,0.16293147960132387
swin_unet,WL,boundary_freq_gap,HD95,0.05118537737927648,0.025944143006879843
swin_unet,WL,boundary_freq_gap,IoU,0.23453388543666834,0.18632977805318401
swin_unet,WL,boundary_freq_gap,MAE,0.11339340227504051,0.1449330310361959
swin_unet,WL,boundary_freq_std,Boundary_IoU,0.23253234855250865,0.16789540798686156
swin_unet,WL,boundary_freq_std,Dice,0.20444851890154866,0.12951704255038177
swin_unet,WL,boundary_freq_std,HD95,0.049585588848729364,-0.016172330880739376
swin_unet,WL,boundary_freq_std,IoU,0.20444851890154866,0.13637024435615985
swin_unet,WL,boundary_freq_std,MAE,0.09651615093487313,0.031176400414949814
swin_unet,WL,boundary_hfr,Boundary_IoU,0.24119979672700023,0.23349083801247605
swin_unet,WL,boundary_hfr,Dice,0.1849041904189609,0.1419045320598255
swin_unet,WL,boundary_hfr,HD95,-0.015444106122931919,-0.06669629375450638
swin_unet,WL,boundary_hfr,IoU,0.1849041904189609,0.15617593056392381
swin_unet,WL,boundary_hfr,MAE,-0.00324718578177127,-0.03494355291333324
swin_unet,WL,global_hfr,Boundary_IoU,0.06782265036433803,0.07985033174194847
swin_unet,WL,global_hfr,Dice,0.0035201041794049688,0.021149659747676523
swin_unet,WL,global_hfr,HD95,-0.12872320937404563,-0.10873447875842951
swin_unet,WL,global_hfr,IoU,0.0035201041794049688,0.026981497149048583
swin_unet,WL,global_hfr,MAE,-0.1941433389243183,-0.15992853854740685
swin_unet,WL,scale,Boundary_IoU,0.22712618626718895,0.25618247497176444
swin_unet,WL,scale,Dice,0.43639526772484444,0.35932131736979434
swin_unet,WL,scale,HD95,0.12220841283674166,0.09589135467181341
swin_unet,WL,scale,IoU,0.43639526772484444,0.38409608871337925
swin_unet,WL,scale,MAE,0.40774770006863076,0.3991529605094901
unet,WL,boundary_freq_gap,Boundary_IoU,0.18395988960089998,0.232349929996988
unet,WL,boundary_freq_gap,Dice,0.21967311093697475,0.16663895184516261
unet,WL,boundary_freq_gap,HD95,0.016534974769467678,0.007718606520651177
unet,WL,boundary_freq_gap,IoU,0.21967311093697475,0.193914248149199
unet,WL,boundary_freq_gap,MAE,0.14421126268493134,0.16770071476244372
unet,WL,boundary_freq_std,Boundary_IoU,0.15556449993202334,0.10676896184391955
unet,WL,boundary_freq_std,Dice,0.18405237481298434,0.1395846935037951
unet,WL,boundary_freq_std,HD95,0.02659369979673373,-0.03543904142339516
unet,WL,boundary_freq_std,IoU,0.18405237481298434,0.14240256322444858
unet,WL,boundary_freq_std,MAE,0.12001861689162031,0.05334653791869651
unet,WL,boundary_hfr,Boundary_IoU,0.1802854245897876,0.1888579865637272
unet,WL,boundary_hfr,Dice,0.16858466851102716,0.14877558988032358
unet,WL,boundary_hfr,HD95,-0.014005635134258081,-0.06309184344208417
unet,WL,boundary_hfr,IoU,0.16858466851102716,0.16268161979716905
unet,WL,boundary_hfr,MAE,0.008048720084652695,-0.03548016118459648
unet,WL,global_hfr,Boundary_IoU,0.04808583145988917,0.08156727562069739
unet,WL,global_hfr,Dice,0.03367303966985018,0.022339828926875638
unet,WL,global_hfr,HD95,-0.14193246180586416,-0.07389715954390104
unet,WL,global_hfr,IoU,0.03367303966985018,0.04007164627255429
unet,WL,global_hfr,MAE,-0.228253716454095,-0.1791381794464931
unet,WL,scale,Boundary_IoU,0.2626986675772352,0.2660732027971694
unet,WL,scale,Dice,0.4959978075660287,0.4330273559233654
unet,WL,scale,HD95,-0.03937969465486099,-0.10456072399536821
unet,WL,scale,IoU,0.4959978075660287,0.44880022034781863
unet,WL,scale,MAE,0.3668655111338485,0.4100846228799852
unetpp,WL,boundary_freq_gap,Boundary_IoU,0.23752474837771984,0.23839549521990114
unetpp,WL,boundary_freq_gap,Dice,0.2686452841334524,0.1816467731070123
unetpp,WL,boundary_freq_gap,HD95,-0.01785709585678578,-0.035119937520975766
unetpp,WL,boundary_freq_gap,IoU,0.2686452841334524,0.20965660882536136
unetpp,WL,boundary_freq_gap,MAE,0.12595586887128113,0.17646166479951356
unetpp,WL,boundary_freq_std,Boundary_IoU,0.2132812138868775,0.14410740829676857
unetpp,WL,boundary_freq_std,Dice,0.2336141582623518,0.17140632941500203
unetpp,WL,boundary_freq_std,HD95,0.012436563423753195,-0.05542272296874878
unetpp,WL,boundary_freq_std,IoU,0.2336141582623518,0.17661078282078257
unetpp,WL,boundary_freq_std,MAE,0.11627724100756166,0.0454050812103407
unetpp,WL,boundary_hfr,Boundary_IoU,0.2263024135569708,0.20135840032599137
unetpp,WL,boundary_hfr,Dice,0.22723037355803313,0.16238680104294045
unetpp,WL,boundary_hfr,HD95,-0.04153463135323646,-0.06657241317060308
unetpp,WL,boundary_hfr,IoU,0.22723037355803313,0.1853803662806143
unetpp,WL,boundary_hfr,MAE,-0.008694819082197549,-0.04216583036206297
unetpp,WL,global_hfr,Boundary_IoU,0.11008660904914834,0.09592939622779201
unetpp,WL,global_hfr,Dice,0.061312143676612293,0.03968949736223091
unetpp,WL,global_hfr,HD95,-0.17193118697001156,-0.11456943428363349
unetpp,WL,global_hfr,IoU,0.061312143676612293,0.06050452002949737
unetpp,WL,global_hfr,MAE,-0.2657479862208496,-0.21084158337883932
unetpp,WL,scale,Boundary_IoU,0.2463393742840108,0.22577688331567106
unetpp,WL,scale,Dice,0.4603132837753278,0.4034463566151513
unetpp,WL,scale,HD95,-0.028258085771339436,-0.1223978305767026
unetpp,WL,scale,IoU,0.4603132837753278,0.4183385250541896
unetpp,WL,scale,MAE,0.4446852720831119,0.45480453700337015
attention_unet,WL,boundary_freq_gap,Boundary_IoU,0.19406551116675538,0.2282822662218072
attention_unet,WL,boundary_freq_gap,Dice,0.2182200432666417,0.16081616539834287
attention_unet,WL,boundary_freq_gap,HD95,-0.012904560761829323,-0.02426914150428214
attention_unet,WL,boundary_freq_gap,IoU,0.2182200432666417,0.1864176077289351
attention_unet,WL,boundary_freq_gap,MAE,0.1453551618277672,0.17811309998450633
attention_unet,WL,boundary_freq_std,Boundary_IoU,0.16606834243464574,0.11401265087509935
attention_unet,WL,boundary_freq_std,Dice,0.168153118999028,0.12978087251629902
attention_unet,WL,boundary_freq_std,HD95,0.01798656571291825,-0.037827647589401825
attention_unet,WL,boundary_freq_std,IoU,0.168153118999028,0.1316606828936296
attention_unet,WL,boundary_freq_std,MAE,0.14254408280256228,0.06871748833412206
attention_unet,WL,boundary_hfr,Boundary_IoU,0.2014813951044572,0.19674273845051934
attention_unet,WL,boundary_hfr,Dice,0.181807167810936,0.16265982227105288
attention_unet,WL,boundary_hfr,HD95,-0.021897195733924468,-0.04842318616953492
attention_unet,WL,boundary_hfr,IoU,0.181807167810936,0.17491928580727212
attention_unet,WL,boundary_hfr,MAE,0.007301549187100576,-0.02799302732026503
attention_unet,WL,global_hfr,Boundary_IoU,0.09007079792579836,0.08606502926414314
attention_unet,WL,global_hfr,Dice,0.05922320878130085,0.059879901925111605
attention_unet,WL,global_hfr,HD95,-0.11458693423835778,-0.02885574826273922
attention_unet,WL,global_hfr,IoU,0.05922320878130085,0.07470137271710098
attention_unet,WL,global_hfr,MAE,-0.23429445953582567,-0.19989613286180047
attention_unet,WL,scale,Boundary_IoU,0.21875570825328391,0.21650690236136394
attention_unet,WL,scale,Dice,0.44089778093698434,0.3733433578160032
attention_unet,WL,scale,HD95,-0.07775633100534612,-0.1569121013535394
attention_unet,WL,scale,IoU,0.44089778093698434,0.3944793205586899
attention_unet,WL,scale,MAE,0.42646300063160963,0.4575511422579709
swin_unet,NBI,boundary_freq_gap,Boundary_IoU,0.2726828522637637,0.2981737064534452
swin_unet,NBI,boundary_freq_gap,Dice,0.2913170061702649,0.22797854838440518
swin_unet,NBI,boundary_freq_gap,HD95,-0.16226971541988572,-0.12017367598832111
swin_unet,NBI,boundary_freq_gap,IoU,0.2913170061702649,0.2534505372078945
swin_unet,NBI,boundary_freq_gap,MAE,-0.09976753179178696,-0.08209266299101384
swin_unet,NBI,boundary_freq_std,Boundary_IoU,0.11509743043623183,0.07693558425643945
swin_unet,NBI,boundary_freq_std,Dice,0.14549888118899282,0.06258562367456169
swin_unet,NBI,boundary_freq_std,HD95,0.05877246560885407,0.07970943602218021
swin_unet,NBI,boundary_freq_std,IoU,0.14549888118899282,0.07683229625457033
swin_unet,NBI,boundary_freq_std,MAE,0.1273041421939418,0.13330607956522667
swin_unet,NBI,boundary_hfr,Boundary_IoU,0.06768617772444042,-0.005132881910461529
swin_unet,NBI,boundary_hfr,Dice,0.05405553805374666,-0.02435885137295592
swin_unet,NBI,boundary_hfr,HD95,-0.0135747254953949,0.03304667884902552
swin_unet,NBI,boundary_hfr,IoU,0.05405553805374666,-0.016907266100671232
swin_unet,NBI,boundary_hfr,MAE,-0.01969278239056521,0.009198989993903043
swin_unet,NBI,global_hfr,Boundary_IoU,0.005044820328947307,-0.0629722392763447
swin_unet,NBI,global_hfr,Dice,-0.02122153267794683,-0.015612786198739913
swin_unet,NBI,global_hfr,HD95,-0.05073375384349099,-0.05617973030343151
swin_unet,NBI,global_hfr,IoU,-0.02122153267794683,-0.02392275813806435
swin_unet,NBI,global_hfr,MAE,-0.08654117999583635,-0.0932637751297944
swin_unet,NBI,scale,Boundary_IoU,0.31401870324488534,0.4289430269909982
swin_unet,NBI,scale,Dice,0.5010753828061156,0.4505741413219846
swin_unet,NBI,scale,HD95,0.008954821974479978,-0.06991418680900748
swin_unet,NBI,scale,IoU,0.5010753828061156,0.49022035822092397
swin_unet,NBI,scale,MAE,0.2360772643270844,0.13047368340770096
unet,NBI,boundary_freq_gap,Boundary_IoU,0.3163953348314148,0.3126047125612391
unet,NBI,boundary_freq_gap,Dice,0.33276865029199226,0.25839965001817916
unet,NBI,boundary_freq_gap,HD95,-0.19964896063776122,-0.16030898356023696
unet,NBI,boundary_freq_gap,IoU,0.33276865029199226,0.28184770599430226
unet,NBI,boundary_freq_gap,MAE,-0.17137658119698906,-0.1527848047202046
unet,NBI,boundary_freq_std,Boundary_IoU,0.1741762710433456,0.12352426420920216
unet,NBI,boundary_freq_std,Dice,0.17527456018944065,0.13143754475183717
unet,NBI,boundary_freq_std,HD95,0.005723886881859128,0.0007420834971473905
unet,NBI,boundary_freq_std,IoU,0.17527456018944065,0.13515464789986537
unet,NBI,boundary_freq_std,MAE,0.09446648683617892,0.08301753438966804
unet,NBI,boundary_hfr,Boundary_IoU,0.057536157500965905,-0.021193448776431194
unet,NBI,boundary_hfr,Dice,0.02117035001008266,-0.027922836020874833
unet,NBI,boundary_hfr,HD95,0.017419071076320746,0.08291802989880419
unet,NBI,boundary_hfr,IoU,0.02117035001008266,-0.031482529551481606
unet,NBI,boundary_hfr,MAE,0.037910097276275374,0.07188732427623903
unet,NBI,global_hfr,Boundary_IoU,-0.024558694756637214,-0.0940080859881853
unet,NBI,global_hfr,Dice,-0.051715064792236434,-0.02379595221115461
unet,NBI,global_hfr,HD95,-0.018072704328867296,0.005424766823290668
unet,NBI,global_hfr,IoU,-0.051715064792236434,-0.04112205468729403
unet,NBI,global_hfr,MAE,-0.036123400176422585,-0.04441921323931325
unet,NBI,scale,Boundary_IoU,0.49837049030367814,0.5770087069225192
unet,NBI,scale,Dice,0.6494039060883823,0.5751782979595672
unet,NBI,scale,HD95,-0.233293730113262,-0.30235632697069925
unet,NBI,scale,IoU,0.6494039060883823,0.6247567453448987
unet,NBI,scale,MAE,0.045497532074730576,-0.09496521682660988
unetpp,NBI,boundary_freq_gap,Boundary_IoU,0.27045664741893827,0.27550744878634276
unetpp,NBI,boundary_freq_gap,Dice,0.28811760692372684,0.22794652397115098
unetpp,NBI,boundary_freq_gap,HD95,-0.13944139992602,-0.1419760862333836
unetpp,NBI,boundary_freq_gap,IoU,0.28811760692372684,0.24982711775865019
unetpp,NBI,boundary_freq_gap,MAE,-0.07397200866299374,-0.08211877813232132
unetpp,NBI,boundary_freq_std,Boundary_IoU,0.1390953220947626,0.09155216106510793
unetpp,NBI,boundary_freq_std,Dice,0.13986712328919845,0.12140089548045607
unetpp,NBI,boundary_freq_std,HD95,0.02486793671619026,-0.08548038244011953
unetpp,NBI,boundary_freq_std,IoU,0.13986712328919845,0.11803756265977966
unetpp,NBI,boundary_freq_std,MAE,0.15755413205981653,0.12160411536871849
unetpp,NBI,boundary_hfr,Boundary_IoU,0.049220024265345316,-0.020810681075147993
unetpp,NBI,boundary_hfr,Dice,0.022542838718712942,-0.02390836218230657
unetpp,NBI,boundary_hfr,HD95,0.016650728692806867,-0.008048215345188897
unetpp,NBI,boundary_hfr,IoU,0.022542838718712942,-0.03060849744182712
unetpp,NBI,boundary_hfr,MAE,0.04300940380480942,0.0675245462192989
unetpp,NBI,global_hfr,Boundary_IoU,-0.049483714536189,-0.10741041829937535
unetpp,NBI,global_hfr,Dice,-0.05442596066344615,-0.04543916857814692
unetpp,NBI,global_hfr,HD95,-0.016716408047332706,-0.02148216380675178
unetpp,NBI,global_hfr,IoU,-0.05442596066344615,-0.060703816551524424
unetpp,NBI,global_hfr,MAE,-0.03926707538572849,-0.05611045290260043
unetpp,NBI,scale,Boundary_IoU,0.3954931796404789,0.4639269688495797
unetpp,NBI,scale,Dice,0.5546092776345529,0.5079493017430995
unetpp,NBI,scale,HD95,-0.12959995963830745,-0.24719228839657864
unetpp,NBI,scale,IoU,0.5546092776345529,0.5507529465391245
unetpp,NBI,scale,MAE,0.19510183329572986,0.061787929376872816
attention_unet,NBI,boundary_freq_gap,Boundary_IoU,0.2633666509658418,0.2618190802055095
attention_unet,NBI,boundary_freq_gap,Dice,0.313728419957225,0.24197243077336056
attention_unet,NBI,boundary_freq_gap,HD95,-0.16135869910555053,-0.15051512034602096
attention_unet,NBI,boundary_freq_gap,IoU,0.313728419957225,0.2702259238805325
attention_unet,NBI,boundary_freq_gap,MAE,-0.11989374733002682,-0.12189081543932802
attention_unet,NBI,boundary_freq_std,Boundary_IoU,0.1843238725613357,0.12364084479743628
attention_unet,NBI,boundary_freq_std,Dice,0.1959044940749315,0.14264652016681817
attention_unet,NBI,boundary_freq_std,HD95,-0.03226257226998124,-0.0834249868394959
attention_unet,NBI,boundary_freq_std,IoU,0.1959044940749315,0.14818654035200793
attention_unet,NBI,boundary_freq_std,MAE,0.10691018936380876,0.09665630268779406
attention_unet,NBI,boundary_hfr,Boundary_IoU,0.08494309117250003,0.004322752352814742
attention_unet,NBI,boundary_hfr,Dice,0.070473865042108,-0.0031914341556548253
attention_unet,NBI,boundary_hfr,HD95,-0.04067849758588757,-0.030665218540407716
attention_unet,NBI,boundary_hfr,IoU,0.070473865042108,-0.001012399072598276
attention_unet,NBI,boundary_hfr,MAE,0.010724797891144533,0.05956545331246981
attention_unet,NBI,global_hfr,Boundary_IoU,0.018711643027608763,-0.04599225125320732
attention_unet,NBI,global_hfr,Dice,0.005087494457571223,-0.00707702247811598
attention_unet,NBI,global_hfr,HD95,-0.07767790789056277,-0.06804283467643397
attention_unet,NBI,global_hfr,IoU,0.005087494457571223,-0.010710614044980459
attention_unet,NBI,global_hfr,MAE,-0.08057604820243737,-0.06772898838696263
attention_unet,NBI,scale,Boundary_IoU,0.4330310653826361,0.483524937219272
attention_unet,NBI,scale,Dice,0.611786184130498,0.5420830620787873
attention_unet,NBI,scale,HD95,-0.20392203596166286,-0.28293899179480064
attention_unet,NBI,scale,IoU,0.611786184130498,0.5891983753201293
attention_unet,NBI,scale,MAE,0.12301849780653897,-0.012164132852459202
