model,modal,frequency_metric,frequency_group,n,frequency_mean,frequency_min,frequency_max,Dice_mean,Dice_std,IoU_mean,IoU_std,Boundary_IoU_mean,Boundary_IoU_std,HD95_mean,HD95_std,MAE_mean,MAE_std
swin_unet,WL,scale,low,140,0.09887499128069197,0.008697509765625,0.175201416015625,0.7030458940757586,0.20163973304219607,0.5741396396335763,0.21125808275785435,0.17509175470477517,0.11942256632975122,35.05201594991862,35.87005976829892,0.06937835957755198,0.06426927752648859
swin_unet,WL,scale,mid,140,0.28107332502092636,0.17926025390625,0.3924713134765625,0.8089388963214307,0.13277153774322756,0.6969981249382251,0.1636361374502275,0.18520330706491325,0.11419426754718691,34.609461845820626,23.81199169928575,0.1092803328763693,0.0844507111995307
swin_unet,WL,scale,high,140,0.5897402082170758,0.39306640625,0.965301513671875,0.8624014904578979,0.11285256415115257,0.7731240176431626,0.15416538550217176,0.24534127584934037,0.14844110465246277,38.94804709197059,27.229096620392678,0.14764913216100203,0.11753612761930765
swin_unet,WL,global_hfr,low,140,3.546965801412887e-05,1.1319274057401438e-05,5.342696948011099e-05,0.7854284497280051,0.1809367267087061,0.6766131081320315,0.2063168009900252,0.1938887658507112,0.13026705358767762,41.97387481472333,37.57724248638859,0.12884873824493423,0.11369787030539469
swin_unet,WL,global_hfr,mid,140,8.785805967194593e-05,5.36937000054508e-05,0.0001337457483662,0.8035767306835319,0.14162306160941,0.6926857987350374,0.18104813149487092,0.20128955557459186,0.13129967062368106,34.462515669870655,25.196706558221035,0.11007112091673268,0.09568064270010761
swin_unet,WL,global_hfr,high,140,0.0003037183335295629,0.0001348511775508,0.001047246355484,0.7853811004435499,0.17679237924420818,0.674962875347895,0.19985497016283124,0.21045801619372584,0.13376960789507614,32.17313440311583,22.510081556901092,0.08738796545325643,0.07219805876709406
swin_unet,WL,boundary_hfr,low,140,0.00010819715198826664,1.780291597193157e-05,0.0001832513481694,0.7572116070411395,0.18254346935492669,0.638404070013833,0.2032096816608921,0.16496919543250887,0.11666487836261077,36.5573189268096,35.41933309154088,0.10436549072453216,0.09527677731959874
swin_unet,WL,boundary_hfr,mid,140,0.000277301540527585,0.0001847266738082,0.0003719047034585,0.8063931576302549,0.1513380063501694,0.6983419953505414,0.1841592301950263,0.20606961061094065,0.12481752729716172,36.77633581797901,26.33172254198024,0.11247437618273705,0.08988641713776863
swin_unet,WL,boundary_hfr,high,140,0.0006171263089964493,0.0003725680495139,0.0018661145214978,0.8107815161836924,0.1620652832462185,0.7075157168505894,0.19347707064684416,0.2345975315755793,0.14347147430438198,35.275870142921214,25.639134438626783,0.10946795770765412,0.1047459270684289
swin_unet,WL,boundary_freq_std,low,140,8.055288227415514e-05,8.446436448026723e-06,0.0001576263829138,0.7552124524393828,0.18519515778006493,0.6364687266845687,0.2050084975334458,0.16761611610748817,0.11484772738326558,36.15323390924343,35.11215105797386,0.09810082790208978,0.08627652669532038
swin_unet,WL,boundary_freq_std,mid,140,0.00024441758139904217,0.0001584167245695,0.0003320746612853,0.7966507062492956,0.16003029642097327,0.6867649737917253,0.19063323779729016,0.20414052476685898,0.12881770114282734,34.36715653353633,25.02606121075962,0.10766032168508638,0.09524931550520216
swin_unet,WL,boundary_freq_std,high,140,0.0005466050826107529,0.0003320757883905,0.0021777751058212,0.8225231221664084,0.14846949706224802,0.72102808173867,0.1829388575549185,0.2338796967446817,0.1422646979250925,38.08913444493006,27.210847287271925,0.12054667502774719,0.1067292984470112
swin_unet,WL,boundary_freq_gap,low,140,3.8813587048469436e-05,1.4028904146030363e-06,8.3103348064764e-05,0.7459576105299542,0.1980092482680373,0.627791133061172,0.21410263979681432,0.16962438619039646,0.11887028436918794,37.106383399539965,36.41802337354739,0.09903140933020035,0.09347887583156958
swin_unet,WL,boundary_freq_gap,mid,140,0.0001472939898516586,8.507596879074982e-05,0.0002430232370848,0.7901839294371019,0.1471451325434835,0.6744232525796284,0.17848075276875178,0.18668767602280914,0.11296495505016393,36.05910587556492,24.684045712433964,0.1085691223852336,0.08439742092281258
swin_unet,WL,boundary_freq_gap,high,140,0.0005234370474232472,0.0002434641502695,0.0020591837383734,0.8382447408880308,0.1382807049489774,0.7420473965741637,0.1764558245776723,0.24932427540582322,0.1476598902481895,35.44403561260496,25.87623859037429,0.11870729289948935,0.11002974308630119
swin_unet,NBI,scale,low,140,0.1358872549874442,0.0240020751953125,0.2228546142578125,0.7493454915741119,0.16829554901671187,0.6241851446373723,0.18988417828300916,0.1729158187694318,0.11113754639656578,32.85776931382406,27.048456355731098,0.08345139440415157,0.09689611095862936
swin_unet,NBI,scale,mid,140,0.33434175763811386,0.2239837646484375,0.4582672119140625,0.806601171070462,0.13659623367812726,0.6949679552652213,0.17038084946378154,0.18370644135020428,0.12119398651643006,39.09479625150809,25.661518903431116,0.13202213936352303,0.10005671287949565
swin_unet,NBI,scale,high,140,0.6640621730259486,0.4597015380859375,0.95233154296875,0.8921880177529334,0.08624192009564045,0.8155014054348844,0.13179984764113306,0.2912654313207352,0.18589001651734743,32.94698572304772,22.931117598453834,0.12910241683545917,0.09929766093754988
swin_unet,NBI,global_hfr,low,140,0.00022450667541446792,4.037960570228595e-05,0.0003517036818115,0.8196960822101023,0.14724617300740267,0.7170096800717813,0.18482298309403594,0.22540715739532985,0.1787452153308302,36.06162791476118,25.97103809612887,0.12516840693008682,0.1106058494446497
swin_unet,NBI,global_hfr,mid,140,0.0004915639441224393,0.0003545902542211,0.0006503298888538,0.8261581254954371,0.1444432146664227,0.7260506102258072,0.1846477035909519,0.2249221812103313,0.1547159159965181,34.711109527840854,27.060442491719158,0.11360909672054857,0.10184922256957961
swin_unet,NBI,global_hfr,high,140,0.0010147147373321941,0.0006506058853279,0.0022380101703795,0.802280472691968,0.14824701956120273,0.6915942150398893,0.1800214715419748,0.1975583528347101,0.11756502505442598,34.12681384577784,23.086240788724307,0.10579844695249833,0.08919957785345899
swin_unet,NBI,boundary_hfr,low,140,0.0003830698562258098,4.139722322038068e-05,0.0005539133207359,0.8027031034523459,0.14407093532405418,0.6913084889469098,0.17750938259214627,0.19525089902969048,0.14576932789400734,36.12635507796453,23.50758011897113,0.12328646016041078,0.10360274676445402
swin_unet,NBI,boundary_hfr,mid,140,0.0006923823376860372,0.000554330353212,0.0008743432773836,0.8363326496230562,0.14143792003632155,0.7404876381087453,0.18318203702651883,0.24824231224333673,0.1741215320765683,33.98237289775052,28.148202484211453,0.10915990051414282,0.10113580699055787
swin_unet,NBI,boundary_hfr,high,140,0.0012970599745589291,0.000877008338271,0.0023991593713183,0.8090989273221055,0.15305609399133144,0.7028583782818227,0.18683558554101082,0.20439448016734407,0.13052556104740357,34.79082331266481,24.380966494801118,0.11212958992858015,0.09839237103867177
swin_unet,NBI,boundary_freq_std,low,140,0.00021096579751077215,3.141723348210207e-05,0.0003325303623565,0.7856533011583653,0.14619604331572805,0.6675804278004597,0.17487405022084665,0.17666037609603902,0.11593531033668827,33.02947727898356,23.31265725889472,0.10001096169331239,0.09169261134815163
swin_unet,NBI,boundary_freq_std,mid,140,0.00042099367027716644,0.0003362900983709,0.0005065073522605,0.8395182768723777,0.13936241249666043,0.7447103442564564,0.18118807067062473,0.24947992023959453,0.17781563564521688,36.35124923001722,27.070720326032966,0.12074953352234188,0.0971097176287878
swin_unet,NBI,boundary_freq_std,high,140,0.0008149554417112786,0.0005072390119216,0.0018652232068285,0.8229631023667646,0.15000363514300533,0.7223637332805618,0.18633937101298617,0.22174739510473776,0.14979945422882218,35.51882477937909,25.67876813293986,0.12381545538747944,0.11215686879583488
swin_unet,NBI,boundary_freq_gap,low,140,0.00010075986368713268,4.776994911427884e-06,0.0001703827266279,0.7822172777364178,0.14515986768389605,0.66275969233735,0.1747202695746552,0.16839129494621843,0.11594862584192507,37.322191634611045,23.208004852649342,0.12198717674639606,0.10513969232773718
swin_unet,NBI,boundary_freq_gap,mid,140,0.00025744128110253856,0.0001707918206982,0.0003917411091347,0.8079491853359114,0.15567328585546966,0.7013415757686623,0.18529442062778834,0.19803883436735517,0.12484866907047679,35.65549434849435,24.469635623172707,0.11290685377482854,0.09174530488211227
swin_unet,NBI,boundary_freq_gap,high,140,0.000704951243586782,0.0003948255458796,0.002372494903279,0.857968217325178,0.12859004090696352,0.7705532372314655,0.17445554328431076,0.28145756212679773,0.18510980799418622,31.921865305274476,28.088116217974076,0.10968192008190916,0.1058358322741861
unet,WL,scale,low,140,0.09887499128069197,0.008697509765625,0.175201416015625,0.6216267987677856,0.2274293151963423,0.48744491514815663,0.226554217215482,0.13349827974328357,0.10096826173610692,57.99197901736747,51.06765907866127,0.09836105440543697,0.08082666315811475
unet,WL,scale,mid,140,0.28107332502092636,0.17926025390625,0.3924713134765625,0.7948427454228366,0.12321982810840527,0.6741878244804218,0.14737277152755512,0.1553577658336557,0.08701320143725638,43.32990186185949,36.194462891419754,0.11645223089892945,0.06906139806843416
unet,WL,scale,high,140,0.5897402082170758,0.39306640625,0.965301513671875,0.8363167397101741,0.11539587428867702,0.73354216390818,0.15264462848077184,0.19591498033488292,0.11362185615539577,43.64245174081206,22.803200615996477,0.17211800214967554,0.1130064802577204
unet,WL,global_hfr,low,140,3.546965801412887e-05,1.1319274057401438e-05,5.342696948011099e-05,0.7497666545484738,0.18292275784995024,0.6285503781838266,0.20238148517839363,0.15490354302951198,0.09968550144744262,50.627157198104044,37.450074840318564,0.15146854560423106,0.10973834248967036
unet,WL,global_hfr,mid,140,8.785805967194593e-05,5.36937000054508e-05,0.0001337457483662,0.7611846755705843,0.1783085556993957,0.6428776110906611,0.20223906731177416,0.16790780889201778,0.10238190069005722,49.52634191295365,39.66651342415904,0.1297628060116299,0.093291384076123
unet,WL,global_hfr,high,140,0.0003037183335295629,0.0001348511775508,0.001047246355484,0.741834953781738,0.202245663701369,0.6237469142622706,0.21797103580114716,0.1619596739902924,0.11041654511808055,44.81083350898132,39.80072788133293,0.10569993583818096,0.07244216687908936
unet,WL,boundary_hfr,low,140,0.00010819715198826664,1.780291597193157e-05,0.0001832513481694,0.7158055829067381,0.21068821731636656,0.5931750916582145,0.22344239002551253,0.1438884331717937,0.09386517780167962,50.255100256858476,46.04295583463512,0.11680783603473428,0.08485299468918067
unet,WL,boundary_hfr,mid,140,0.000277301540527585,0.0001847266738082,0.0003719047034585,0.7628230987900911,0.15964102444980804,0.6402346857754889,0.18718999493849833,0.15978451578220887,0.10755896046266991,46.23495083738824,28.852440573236223,0.14428597141855526,0.10058613838957607
unet,WL,boundary_hfr,high,140,0.0006171263089964493,0.0003725680495139,0.0018661145214978,0.7741576022039668,0.18586373907798076,0.6617651261030549,0.20524276530195343,0.18109807695781965,0.10777127902103756,48.474281525792286,40.232783039036384,0.12583748000075237,0.09662696444998126
unet,WL,boundary_freq_std,low,140,8.055288227415514e-05,8.446436448026723e-06,0.0001576263829138,0.7066385958516197,0.22445102762228347,0.5858983611108252,0.2334174158377011,0.14278941478108895,0.09600314753665695,49.97805846582875,47.07727247448045,0.11460615747076056,0.08499774759589193
unet,WL,boundary_freq_std,mid,140,0.00024441758139904217,0.0001584167245695,0.0003320746612853,0.7613829472146114,0.15445736895796655,0.637352622375428,0.1850337689065602,0.16529553751814416,0.10489075321603389,46.1651884750284,29.842119633165073,0.12601015864804918,0.0870701231282368
unet,WL,boundary_freq_std,high,140,0.0005466050826107529,0.0003320757883905,0.0021777751058212,0.784764740834565,0.16992444740030102,0.6719239200505052,0.19254599632389827,0.1766860736125891,0.10898805439804148,48.821085679181856,38.27202684848213,0.14631497133523222,0.10827760918936985
unet,WL,boundary_freq_gap,low,140,3.8813587048469436e-05,1.4028904146030363e-06,8.3103348064764e-05,0.7029869988551306,0.21902262003778325,0.5797079241681787,0.2283323772505699,0.1433047898132131,0.09126192747591466,50.98743028298674,46.29346111511431,0.11072510450945365,0.08135630858861466
unet,WL,boundary_freq_gap,mid,140,0.0001472939898516586,8.507596879074982e-05,0.0002430232370848,0.7535100804285102,0.1611863751745175,0.6277363355103286,0.18416419908899953,0.15171426502412938,0.09269724202262136,46.15908626934296,31.48491511781305,0.1298591811110132,0.08122587997071849
unet,WL,boundary_freq_gap,high,140,0.0005234370474232472,0.0002434641502695,0.0020591837383734,0.7962892046171554,0.16733974621061887,0.6877306438582511,0.19395159635076714,0.18975197107447977,0.1205866060374822,47.81781606770931,37.85181942201329,0.14634700183357507,0.11485996710122212
unet,NBI,scale,low,140,0.1358872549874442,0.0240020751953125,0.2228546142578125,0.6638654756386865,0.23279643141675407,0.537527988994479,0.2384553877025836,0.13642695149136985,0.09382186252304166,49.4783017727466,37.37596618522946,0.1262335151833083,0.1344579419005223
unet,NBI,scale,mid,140,0.33434175763811386,0.2239837646484375,0.4582672119140625,0.7997745591258884,0.13056014723199016,0.6837574396962289,0.16366152805151998,0.17228250391140126,0.11595865567391549,44.110767683454796,27.65663517547191,0.15227484911281078,0.11266920802840996
unet,NBI,scale,high,140,0.6640621730259486,0.4597015380859375,0.95233154296875,0.9060609028062884,0.06902540747949772,0.8351057161261533,0.10964674477055927,0.29525261321112434,0.15915909007937185,31.33381814344063,19.62322592351522,0.11801231115657299,0.08211140464171655
unet,NBI,global_hfr,low,140,0.00022450667541446792,4.037960570228595e-05,0.0003517036818115,0.7939820543144042,0.19575519314106166,0.6936537831368207,0.22319798331499524,0.21148387143650327,0.16544156038637892,40.57640648708036,28.019339559258025,0.1379495599041027,0.12005576594114852
unet,NBI,global_hfr,mid,140,0.0004915639441224393,0.0003545902542211,0.0006503298888538,0.7999150574919455,0.1919115038884182,0.7012757254672939,0.2225324484050285,0.21380235516505194,0.14408268686194703,41.381841124674054,31.698283222561635,0.13097553803984602,0.11807902774882029
unet,NBI,global_hfr,high,140,0.0010147147373321941,0.0006506058853279,0.0022380101703795,0.7758038257645136,0.17385107645796635,0.6614616362127465,0.20007500577180806,0.17867584201234024,0.11247164734076717,42.9646399878876,30.48107784412701,0.1275955775087433,0.09873125936454756
unet,NBI,boundary_hfr,low,140,0.0003830698562258098,4.139722322038068e-05,0.0005539133207359,0.7733524183271853,0.20184973156231348,0.6659463891426974,0.22146958941888606,0.1800508617820328,0.1336873110878458,41.33968540732425,26.806904669233337,0.1323254993917154,0.1095022360881681
unet,NBI,boundary_hfr,mid,140,0.0006923823376860372,0.000554330353212,0.0008743432773836,0.8187349496158822,0.1716489277641843,0.722661212495553,0.20824892306063758,0.23641910798446786,0.15900391668808103,38.349804473132515,30.368620851833644,0.11979546337388454,0.10288315447336005
unet,NBI,boundary_hfr,high,140,0.0012970599745589291,0.000877008338271,0.0023991593713183,0.7776135696277957,0.1849873403088231,0.6677835431786103,0.21391389829054985,0.1874920988473948,0.12850858420145422,45.233397719185255,32.51263856843238,0.14439971268709212,0.12361020018081188
unet,NBI,boundary_freq_std,low,140,0.00021096579751077215,3.141723348210207e-05,0.0003325303623565,0.7347875248712533,0.21449283115140272,0.6184108360106018,0.22738415548722465,0.15051732803937606,0.10129333269178034,42.57992881667385,30.54758460736395,0.11983489492642026,0.10658335664765567
unet,NBI,boundary_freq_std,mid,140,0.00042099367027716644,0.0003362900983709,0.0005065073522605,0.8314626931188404,0.15354671018736032,0.736617718506477,0.19497176529653587,0.24174060963993793,0.16252084728339272,39.39363926089265,29.121463593171107,0.13007570514455438,0.0969725368187455
unet,NBI,boundary_freq_std,high,140,0.0008149554417112786,0.0005072390119216,0.0018652232068285,0.8034507195807694,0.17642115446913834,0.7013625902997822,0.20768132468784872,0.2117041309345814,0.14328641391933059,42.94931952207551,30.545391878403688,0.1466100753817175,0.1304940383052852
unet,NBI,boundary_freq_gap,low,140,0.00010075986368713268,4.776994911427884e-06,0.0001703827266279,0.7263059595096539,0.2164303996694928,0.6086781333014045,0.2313734597848305,0.14841387996990235,0.10471468317663943,47.4777116372345,30.969480592934143,0.15151210553678016,0.12246264330061268
unet,NBI,boundary_freq_gap,mid,140,0.00025744128110253856,0.0001707918206982,0.0003917411091347,0.7879969991765889,0.17517394897609415,0.6787566393832309,0.20322306382968378,0.1869463776805824,0.12276269923877522,40.91702872272515,27.428434806254508,0.1349367366504988,0.10826965648304557
unet,NBI,boundary_freq_gap,high,140,0.000704951243586782,0.0003948255458796,0.002372494903279,0.8553979788846202,0.14059314434056105,0.7689563721322257,0.18008176677128102,0.26860181096341074,0.16713913340802175,36.52814723968236,30.811315326696526,0.11007183326541307,0.10278270150104635
unetpp,WL,scale,low,140,0.09887499128069197,0.008697509765625,0.175201416015625,0.6145823594213198,0.25941424703116756,0.4884369505308794,0.24528503756579254,0.1381890227053064,0.11000250120400389,60.09126314812903,62.331472110186795,0.08461672009101934,0.07479399613756896
unetpp,WL,scale,mid,140,0.28107332502092636,0.17926025390625,0.3924713134765625,0.7906480438333087,0.13114036690707054,0.6704492580411696,0.1580353546589451,0.1665393111694624,0.10793471091681371,43.82174029837632,35.97306362969624,0.11619926462881262,0.07547480520935376
unetpp,WL,scale,high,140,0.5897402082170758,0.39306640625,0.965301513671875,0.8314840884781817,0.12435299542900816,0.7286596561811284,0.1633265894377145,0.19723905378718115,0.11493700279251838,43.12527492401309,22.90204531754687,0.1753780970349908,0.11903397972519802
unetpp,WL,global_hfr,low,140,3.546965801412887e-05,1.1319274057401438e-05,5.342696948011099e-05,0.730148532609512,0.21841441522632898,0.6133333811200925,0.22906844040408206,0.15517181331466026,0.11052310041530201,53.885342245660546,43.852078127718165,0.15399778468002162,0.11935117181240569
unetpp,WL,global_hfr,mid,140,8.785805967194593e-05,5.36937000054508e-05,0.0001337457483662,0.7640782560838958,0.1781595581015535,0.6464123921242928,0.2009404889904882,0.17370821460484315,0.10941038709144482,48.85607619740458,45.05375563753581,0.1255329809883343,0.08995543020282795
unetpp,WL,global_hfr,high,140,0.0003037183335295629,0.0001348511775508,0.001047246355484,0.7424877030394023,0.21605459847464925,0.6278000915087919,0.22370974943076946,0.17308735974244646,0.11961879427497887,44.296859927453305,43.477155489777196,0.09666331608646679,0.07578790481731489
unetpp,WL,boundary_hfr,low,140,0.00010819715198826664,1.780291597193157e-05,0.0001832513481694,0.6890135835730409,0.23204388961230799,0.56563418893472,0.23225000787454506,0.13730812893000496,0.09698217009129183,54.33844922781149,55.04662065403941,0.11873519467855133,0.09052960443034061
unetpp,WL,boundary_hfr,mid,140,0.000277301540527585,0.0001847266738082,0.0003719047034585,0.7720673594135853,0.1622470168894225,0.6532737430524037,0.19022586685426063,0.1713308629075075,0.11549589650015814,43.81193557567447,28.78138998238641,0.13839285684350341,0.10870671249985776
unetpp,WL,boundary_hfr,high,140,0.0006171263089964493,0.0003725680495139,0.0018661145214978,0.775633548746184,0.20423470401221006,0.6686379327660537,0.21703348189096283,0.19332839582443745,0.11986804248162995,48.887893567032485,44.44233636141061,0.11906603023276797,0.09730378459162786
unetpp,WL,boundary_freq_std,low,140,8.055288227415514e-05,8.446436448026723e-06,0.0001576263829138,0.6900736914575143,0.24129466967213006,0.5698257165913646,0.23950100054154083,0.14169037485908856,0.10092956428657962,52.69243063702262,55.12240922628971,0.11059869264385527,0.08684524381078938
unetpp,WL,boundary_freq_std,mid,140,0.00024441758139904217,0.0001584167245695,0.0003320746612853,0.7533793096405315,0.17960326700624613,0.6320322956265764,0.1981973480933227,0.16500460737389966,0.11261417615880029,45.168175515806105,36.44309165576733,0.1266672738162534,0.09325477811963986
unetpp,WL,boundary_freq_std,high,140,0.0005466050826107529,0.0003320757883905,0.0021777751058212,0.7932614906347644,0.17545564086930773,0.6856878525352363,0.20008477302705335,0.19527240542896165,0.11997999203771023,49.17767221768971,38.656372459544194,0.13892811529471402,0.11441508665792256
unetpp,WL,boundary_freq_gap,low,140,3.8813587048469436e-05,1.4028904146030363e-06,8.3103348064764e-05,0.6781365265910883,0.23863877068530423,0.5540270084455821,0.2326719617945931,0.13617040974442887,0.09637283256319218,55.53311720546901,55.44129705063999,0.11036394718768337,0.08013509363727829
unetpp,WL,boundary_freq_gap,mid,140,0.0001472939898516586,8.507596879074982e-05,0.0002430232370848,0.7642889159772214,0.16884646514387772,0.643601649311941,0.18890973179403453,0.16212721702187516,0.100640641777842,44.721937148399356,36.91846535575462,0.12257596096689143,0.09003328487899626
unetpp,WL,boundary_freq_gap,high,140,0.0005234370474232472,0.0002434641502695,0.0020591837383734,0.7942890491645007,0.1842234416169602,0.6899172069956543,0.20979192587323028,0.20366976089564587,0.13025505819128136,46.78322401665008,37.23391427876359,0.14325417360024792,0.12104349849439162
unetpp,NBI,scale,low,140,0.1358872549874442,0.0240020751953125,0.2228546142578125,0.6630121660639995,0.25135034241594617,0.5413855956921304,0.2478967720832656,0.14080634318527155,0.10894198830235954,53.01597677681684,61.66161255002912,0.10607618355923995,0.11501380185319506
unetpp,NBI,scale,mid,140,0.33434175763811386,0.2239837646484375,0.4582672119140625,0.7878191534531427,0.14642112231269502,0.6704023926832988,0.17353806431605917,0.1608396911731325,0.10414975588782145,42.76504425787182,25.277447394732167,0.14418546762317414,0.09731127798130249
unetpp,NBI,scale,high,140,0.6640621730259486,0.4597015380859375,0.95233154296875,0.8823754689253062,0.0935457641440045,0.800924568594222,0.13814261150239449,0.25962907034203075,0.15703247644176324,33.86790871866563,20.373022523059696,0.13777303848681702,0.09290271011325031
unetpp,NBI,global_hfr,low,140,0.00022450667541446792,4.037960570228595e-05,0.0003517036818115,0.7810852530787863,0.2009555260448169,0.6764539265927739,0.22247052944219314,0.19295320818445463,0.15211510100196582,43.61452763247371,42.164220512668706,0.140082908448364,0.11405287852323265
unetpp,NBI,global_hfr,mid,140,0.0004915639441224393,0.0003545902542211,0.0006503298888538,0.7977122682850386,0.18930638562624694,0.6964672584047,0.21540720193303894,0.20492755631285386,0.13874342549897042,42.13765906715044,39.15819636105243,0.12535560572120755,0.10648166866770054
unetpp,NBI,global_hfr,high,140,0.0010147147373321941,0.0006506058853279,0.0022380101703795,0.7544092670786234,0.20142612870472099,0.6397913719721775,0.2168340621661812,0.16339434020312624,0.11052947975932145,43.89674305373015,41.5707940631412,0.12259617549965951,0.08742329039341386
unetpp,NBI,boundary_hfr,low,140,0.0003830698562258098,4.139722322038068e-05,0.0005539133207359,0.7610172946881348,0.21430985024929577,0.6520890046660354,0.22536260778510903,0.17055037023521197,0.12864578425954512,45.59803984341706,48.08701003881118,0.13045209457299534,0.10358462293766078
unetpp,NBI,boundary_hfr,mid,140,0.0006923823376860372,0.000554330353212,0.0008743432773836,0.8021107746223886,0.18690328288067462,0.7022858376191444,0.21550362461374117,0.2154725521079101,0.15405677128621312,41.932640901815184,43.187309850494216,0.12147540659311089,0.09641130820093274
unetpp,NBI,boundary_hfr,high,140,0.0012970599745589291,0.000877008338271,0.0023991593713183,0.770078719131925,0.18961343068025388,0.6583377146844716,0.21409566462067037,0.1752521823573126,0.11838438625919731,42.118249008122035,29.24077395923595,0.13610718850312484,0.10969362645771041
unetpp,NBI,boundary_freq_std,low,140,0.00021096579751077215,3.141723348210207e-05,0.0003325303623565,0.7226951178447296,0.24047503435719367,0.6101822831629438,0.24188981252743214,0.15094226931052693,0.1090157102512533,48.355314589727875,59.038369135302204,0.1080651822533192,0.09331443168946563
unetpp,NBI,boundary_freq_std,mid,140,0.00042099367027716644,0.0003362900983709,0.0005065073522605,0.8211401395671546,0.14973548751367083,0.720114553110421,0.189437134627118,0.2167930649013908,0.15573134535210245,39.88750257136732,26.973379600376127,0.13317977872544096,0.09160434967260497
unetpp,NBI,boundary_freq_std,high,140,0.0008149554417112786,0.0005072390119216,0.0018652232068285,0.7893715310305641,0.18005472383589907,0.6824157206962865,0.20950235764912212,0.19353977048851695,0.1309307820565623,41.40611259225909,28.05284266113465,0.1467897286904709,0.11954465754149493
unetpp,NBI,boundary_freq_gap,low,140,0.00010075986368713268,4.776994911427884e-06,0.0001703827266279,0.726386667809232,0.21947497158710386,0.6083833986076589,0.22652140610544413,0.14672734295942463,0.10261521762472106,50.40101577989192,53.00275330749038,0.13636072439673752,0.10679901683140526
unetpp,NBI,boundary_freq_gap,mid,140,0.00025744128110253856,0.0001707918206982,0.0003917411091347,0.7681717717136899,0.197907610198871,0.6576218978748761,0.21776880055590303,0.16975744227782785,0.12141183826695487,42.4727818052795,36.47542525146938,0.13232065952782116,0.09956787319883462
unetpp,NBI,boundary_freq_gap,high,140,0.000704951243586782,0.0003948255458796,0.002372494903279,0.8386483489195266,0.15470048315322174,0.7467072604871162,0.18957128643699586,0.24479031946318222,0.1579831766890649,36.77513216818286,28.408286044612602,0.11935330574467241,0.10338489508617563
attention_unet,WL,scale,low,140,0.09887499128069197,0.008697509765625,0.175201416015625,0.6389439967596409,0.24044304453907597,0.5101632325325982,0.23656777977740137,0.15182656778321932,0.1201961975778426,62.234497751675114,63.35687687755839,0.08001648476014708,0.06455018903086424
attention_unet,WL,scale,mid,140,0.28107332502092636,0.17926025390625,0.3924713134765625,0.7875976243502628,0.14378996656667675,0.6689789796617758,0.16779901633154656,0.16737403512513674,0.10533556660446787,44.414030941645514,37.26173698230492,0.11522825328367092,0.07174174249743234
attention_unet,WL,scale,high,140,0.5897402082170758,0.39306640625,0.965301513671875,0.8282301868107927,0.14162863518737817,0.7276803530313982,0.17649773377209377,0.20385724733802982,0.12534054843444883,42.24505000225573,23.65379457080848,0.17417689798665897,0.12316078092269989
attention_unet,WL,global_hfr,low,140,3.546965801412887e-05,1.1319274057401438e-05,5.342696948011099e-05,0.738794658935584,0.20999480141595317,0.6227028999945569,0.22763490189524135,0.16618506205956907,0.11936705372621774,51.517275503441255,42.10314430134024,0.1471645523428118,0.11766362553904161
attention_unet,WL,global_hfr,mid,140,8.785805967194593e-05,5.36937000054508e-05,0.0001337457483662,0.759286144482655,0.1915257399932202,0.6439545241729738,0.21258446518881138,0.17845475578160158,0.11755411171298207,49.90298145954468,44.12883341758558,0.1265195086997534,0.09382633344051801
attention_unet,WL,global_hfr,high,140,0.0003037183335295629,0.0001348511775508,0.001047246355484,0.7566910045024576,0.1936973323233793,0.6401651410582414,0.208598153800464,0.1784180324052152,0.12050570219192534,47.47332173259042,49.75947366779188,0.09573757498791172,0.07102471200877081
attention_unet,WL,boundary_hfr,low,140,0.00010819715198826664,1.780291597193157e-05,0.0001832513481694,0.7104354457372576,0.22579318410208155,0.5912613523645299,0.2359807064654122,0.15390705826269055,0.11047772988818394,50.4219663424147,47.70483824917042,0.11020849456544962,0.08840146935764903
attention_unet,WL,boundary_hfr,mid,140,0.000277301540527585,0.0001847266738082,0.0003719047034585,0.7618155055231013,0.16905054647679166,0.6412205283099653,0.1950026297645362,0.1681199583898345,0.11669348682768042,47.686492279900214,37.72184707228766,0.14086757491209673,0.10486301403899075
attention_unet,WL,boundary_hfr,high,140,0.0006171263089964493,0.0003725680495139,0.0018661145214978,0.7825208566603375,0.19029949983210367,0.6743406845512769,0.20867530190361663,0.20103083359386084,0.12526041263521207,50.78512007326143,49.99911769447845,0.11834556655293062,0.09860309782750665
attention_unet,WL,boundary_freq_std,low,140,8.055288227415514e-05,8.446436448026723e-06,0.0001576263829138,0.7075430306615127,0.23503233542910676,0.5905353367776617,0.2426060823200228,0.15824931479109164,0.11670278147361822,50.950462389286415,51.94995553299591,0.10545138248708094,0.08589704596127468
attention_unet,WL,boundary_freq_std,mid,140,0.00024441758139904217,0.0001584167245695,0.0003320746612853,0.7521078249559583,0.1776886597416863,0.6301266633076811,0.19821024918070193,0.1639450910505626,0.1137341894885521,50.057330239078354,45.14614960189252,0.12577313604498544,0.09146211034945927
attention_unet,WL,boundary_freq_std,high,140,0.0005466050826107529,0.0003320757883905,0.0021777751058212,0.7951209523032255,0.16695192921525867,0.6861605651404294,0.19490108430678554,0.2008634444047317,0.12270577754020918,47.88578606721158,38.241393379214614,0.13819711749841054,0.11290553409486308
attention_unet,WL,boundary_freq_gap,low,140,3.8813587048469436e-05,1.4028904146030363e-06,8.3103348064764e-05,0.6938516861490144,0.23635406363468242,0.5739605637783678,0.24172907549076203,0.1517769714426872,0.11080282224512196,53.93023340562304,53.94801717483954,0.10479469398103117,0.07977833265539587
attention_unet,WL,boundary_freq_gap,mid,140,0.0001472939898516586,8.507596879074982e-05,0.0002430232370848,0.7645918924173296,0.15490369897558395,0.6412124575959236,0.18200732022612062,0.1630957752032006,0.10110368978865138,46.129989983035735,36.20276605723396,0.12225907682441173,0.08751665906325554
attention_unet,WL,boundary_freq_gap,high,140,0.0005234370474232472,0.0002434641502695,0.0020591837383734,0.7963282293543524,0.18206338283200998,0.6916495438514809,0.2054253448746149,0.2081851036004981,0.13563488850354585,48.83335530691756,44.178613050041676,0.14236786522503406,0.11960717962301876
attention_unet,NBI,scale,low,140,0.1358872549874442,0.0240020751953125,0.2228546142578125,0.6611350952977931,0.24167013637335819,0.5363624369756199,0.2411726090009382,0.135401199430452,0.10394213470567103,54.011326477952025,50.71908023285387,0.11668782993885018,0.12195386290177573
attention_unet,NBI,scale,mid,140,0.33434175763811386,0.2239837646484375,0.4582672119140625,0.7959377485860005,0.13353965936388235,0.678985485425516,0.16521597188171783,0.16644200442479828,0.11346445265964472,42.21587594564918,25.60580753332153,0.1461602306991283,0.099768434388136
attention_unet,NBI,scale,high,140,0.6640621730259486,0.4597015380859375,0.95233154296875,0.8925528261995518,0.08806597089232358,0.8160690526131982,0.12913080621634748,0.26469964703541726,0.15289231157231453,33.24130263875323,20.872079712188384,0.12957674741878036,0.08958938734369065
attention_unet,NBI,global_hfr,low,140,0.00022450667541446792,4.037960570228595e-05,0.0003517036818115,0.7790230992568906,0.19884416628015197,0.6733485322411313,0.22324113959833145,0.19088032911107397,0.15765142162711845,43.99816978569956,37.540268041350735,0.14233811297453935,0.11439215998316109
attention_unet,NBI,global_hfr,mid,140,0.0004915639441224393,0.0003545902542211,0.0006503298888538,0.8001706546304742,0.1883345512752755,0.6996800611170625,0.2143527480748985,0.2021005217718401,0.13646398404394214,45.36371065613675,40.648641704278695,0.12627821506134096,0.10586199250067392
attention_unet,NBI,global_hfr,high,140,0.0010147147373321941,0.0006506058853279,0.0022380101703795,0.7704319161959806,0.18901503204105397,0.6583883816561402,0.21183892961655493,0.1735620000077535,0.11108122604761506,40.106624620518126,28.38552255277855,0.12380848002087852,0.09378822211516555
attention_unet,NBI,boundary_hfr,low,140,0.0003830698562258098,4.139722322038068e-05,0.0005539133207359,0.7580959014506418,0.20807363189595063,0.6466349984982898,0.2225187523221824,0.16682910541895613,0.13188342899326072,47.049362842224724,44.14637397575877,0.13473758116098383,0.10528933600769559
attention_unet,NBI,boundary_hfr,mid,140,0.0006923823376860372,0.000554330353212,0.0008743432773836,0.813879800309631,0.1752691022931608,0.7160775660026604,0.20742984384498248,0.2188937648607004,0.14921781633133052,40.22680351655262,31.341278783316792,0.12108108044069793,0.09973485006069105
attention_unet,NBI,boundary_hfr,high,140,0.0012970599745589291,0.000877008338271,0.0023991593713183,0.7776499683230726,0.18862593012656204,0.668704410513384,0.21555064935700327,0.18081998061101104,0.12292336476212558,42.1923387035771,30.4349801507005,0.13660614645507713,0.11006761237909987
attention_unet,NBI,boundary_freq_std,low,140,0.00021096579751077215,3.141723348210207e-05,0.0003325303623565,0.7261215977290272,0.22288284772627356,0.6093276977086237,0.2304385297115425,0.14790512394294048,0.10870327103496175,47.55019166743071,46.579403647096655,0.11670533980775087,0.10010036426999634
attention_unet,NBI,boundary_freq_std,mid,140,0.00042099367027716644,0.0003362900983709,0.0005065073522605,0.8275435678070318,0.1463160657663631,0.7285927741848058,0.18664115063955006,0.21659111835248862,0.15416033054642775,41.59583032073034,30.60394048173157,0.13099916924589441,0.09218564385324261
attention_unet,NBI,boundary_freq_std,high,140,0.0008149554417112786,0.0005072390119216,0.0018652232068285,0.7959605045472866,0.1862696813644364,0.6934965031209047,0.21455875647693828,0.20204660859523846,0.13420492611970714,40.32248307419341,27.314512755873242,0.1447202990031136,0.11991204083618981
attention_unet,NBI,boundary_freq_gap,low,140,0.00010075986368713268,4.776994911427884e-06,0.0001703827266279,0.7316978473390711,0.20496494507127805,0.6115725268602636,0.21981601634915518,0.1453710815220745,0.10064700845980898,48.7498240016031,39.40511694827874,0.14316406238691082,0.10974243193096085
attention_unet,NBI,boundary_freq_gap,mid,140,0.00025744128110253856,0.0001707918206982,0.0003917411091347,0.7790360328830488,0.19023121836872228,0.6707509164910206,0.2154075347432611,0.18220948153663283,0.12905067321604552,43.39599979447845,37.84513707403133,0.13202726429195275,0.10403101680344208
attention_unet,NBI,boundary_freq_gap,high,140,0.000704951243586782,0.0003948255458796,0.002372494903279,0.8388917898612257,0.16491203770804605,0.74909353166305,0.19296268833585178,0.23896228783196025,0.15801958607447902,37.322681266272895,28.834816293605858,0.11723348137789534,0.10042786265458747
