modal,image,split,model_count,low_dice_count,low_boundary_iou_count,high_hd95_count,mean_Dice,mean_Boundary_IoU,mean_HD95,max_HD95,scale,global_hfr,boundary_hfr,boundary_freq_std,boundary_freq_gap,common_low_dice,common_low_boundary_iou,common_high_hd95
NBI,gas_2875eb2cb8b326d7,test,4,4,4,3,0.2775217838156878,0.0,99.50532838845311,104.0,0.0991973876953125,0.0004530757317297,0.000575410382873,0.0002984372687833,4.964551111419574e-05,True,True,False
NBI,gas_b2c81bd5a9bcb333,test,4,4,4,3,0.28105906116772555,0.0,116.97879168119738,151.89269846317225,0.082122802734375,0.0002616113169908,0.0005379191010724,0.0004703144472862,0.0001652943170303,True,True,False
NBI,gas_8a3ca5702e6b303f,test,4,4,4,2,0.29328876731936226,0.0,105.72496988148302,128.64795952096537,0.105621337890625,0.0001043748561557,0.0001817784614798,9.4576684351105e-05,6.469371310710044e-05,True,True,False
NBI,gas_ee1a49eaf89ca25a,test,4,4,4,2,0.10129579932476382,0.013032834101382475,184.75352973566237,316.7838379715733,0.0678558349609375,0.0002191597560025,0.0002467016390287,4.8076080958816106e-05,3.628976824999756e-05,True,True,False
NBI,gas_d7ae605323711791,test,4,4,4,3,0.270157624399179,0.02341159334362125,107.17973875449526,119.45960897153635,0.03076171875,0.0013544746996714,0.0022405369274428,0.0004685431656126,0.0004196400373217,True,True,False
NBI,gas_d0dd34ddf755c8ea,test,4,4,4,1,0.12839560731191577,0.023822837976657324,93.80846757743822,105.97522962665434,0.2421112060546875,0.0005271401021697,0.0006301905826087,0.0002817699150965,0.0001781798792354,True,True,False
NBI,gas_1fec79e817fdab12,test,4,4,4,0,0.19469222617465462,0.027017163465753773,89.86313447669602,99.0,0.189422607421875,0.0005054227473466,0.000377018647134,0.0005537531364071,0.0006934341066596,True,True,False
NBI,gas_8809274ac654c27d,test,4,4,4,0,0.22087010442676341,0.0336863211778027,34.87542196197611,41.65092351190575,0.0532379150390625,0.0008805189783833,0.0017319388207557,0.0007809624238046,3.36804509009944e-05,True,True,False
NBI,gas_38b7b03e6f779fcd,test,4,4,4,3,0.34677659256492893,0.03518822014525315,118.50583885615082,150.23631322068258,0.1149139404296875,0.0008188417099433,0.0006433996006641,0.0002677790274685,0.0001677091237594,True,True,False
NBI,gas_33668,test,4,4,4,2,0.29583175824452745,0.04921936785566535,98.76801206275073,138.72398514929955,0.0508270263671875,7.344069133139307e-05,0.0003081264604747,0.0001030169719116,8.49383101343627e-05,True,True,False
NBI,gas_2acd4e36da4c7150,test,4,4,4,3,0.3177373748685393,0.049667236605534404,126.41656412889832,148.78775517065966,0.119140625,0.0006262454799288,0.0014432095179634,0.0005272401365089,0.0003882097070419,True,True,False
NBI,gas_c734daf6e40c2ca5,test,4,1,4,0,0.5763359131210877,0.004348605879922574,66.4807367503759,77.86268164277733,0.24432373046875,0.000328179536445,0.0003659640560738,0.000168176158309,0.0003817325600868,False,True,False
NBI,gas_7a4663a14193823,test,4,3,4,2,0.45972544479238486,0.015130118837193327,96.98151150906456,106.23088063270492,0.130706787109375,0.000929762402323,0.0008321531955008,0.0003372635719998,0.0001494757886055,False,True,False
NBI,gas_358df89f502b5e42,test,4,3,4,1,0.3909051383643708,0.022905716086785474,91.98778838992138,107.93516572461452,0.09442138671875,0.0001530559564509,0.0003720818637527,0.0001924284806619,0.0001621477612022,False,True,False
NBI,gas_11cb07bb1b748e60,test,4,1,4,0,0.5599462380497792,0.0236416179822371,53.399544399519485,60.95283315485058,0.359130859375,0.001498659289265,0.0013980341214765,0.0012360794810873,0.0006071928922385,False,True,False
NBI,gas_2c20688b4848b320,test,4,3,4,2,0.40452876004835164,0.026693831928888325,79.93822891287009,117.0006410139345,0.0446014404296875,0.0006727128491855,0.0011670750570932,0.0002246768566459,4.626682670164778e-05,False,True,False
NBI,gas_243e4bc2b4d0642f,test,4,0,4,0,0.6709587950987221,0.03399550054564307,72.2501219346555,81.94614125957771,0.2871551513671875,0.0004254324543173,0.0005138810802517,0.0002950911162492,0.0002359811113098,False,True,False
NBI,gas_13be60855a9fb511,test,4,0,4,0,0.6512719978531081,0.03450510129301315,55.27259212027947,63.969520083830645,0.3032073974609375,0.0004475720816869,0.0006015164539717,0.0005337808718549,5.318223375406237e-05,False,True,False
NBI,gas_2dfbfd0b28aca611,test,4,0,4,0,0.6555925815300935,0.03646882817389732,51.965996521968066,63.30678963590677,0.3878021240234375,0.0005872911859875,0.0011215208383445,0.0006968317351794,0.0002966460439933,False,True,False
NBI,gas_f2dbf6021790f01e,test,4,0,4,0,0.762313986824928,0.0367742175683081,45.237875434201705,64.18176506775741,0.4171295166015625,0.0007202215377725,0.0012835853123087,0.0007423738683327,0.0009028539545589,False,True,False
NBI,gas_c76443e2959241,test,4,0,4,0,0.5965175269419545,0.03833827084106935,62.04887698375704,74.97832851637742,0.196319580078125,0.0012496543105764,0.0015919085301226,0.0010494770499524,0.0008656024480928,False,True,False
NBI,gas_cb06954170400105,test,4,0,4,0,0.7609845237459699,0.03872516954730463,44.331250002404005,53.681176739527096,0.5226287841796875,0.0003517036818115,0.0015995609513842,0.0015163624947586,0.0009111031461971,False,True,False
NBI,gas_9708ea8244c635a,test,4,2,4,3,0.4516208401562671,0.043900802242728104,122.62666407914402,138.462625107799,0.1358184814453125,0.0006054475736629,0.0006901539255365,0.0004182646493835,0.0003168153046568,False,True,False
NBI,gas_37268,test,4,2,4,1,0.4535807465898392,0.0452857816879894,79.30199606853739,126.58909900991492,0.302642822265625,0.0001024224996008,0.0003847150509853,0.0004190793619944,0.0001707918206982,False,True,False
NBI,gas_28bfaabe0f12f98e,test,4,0,4,0,0.5559333145693955,0.0456116910457835,58.92072477625511,68.60575712272525,0.149749755859375,0.0002666693054249,0.0003878676166359,0.0001586402451064,0.0001841571124728,False,True,False
NBI,gas_8c676604309f635a,test,4,0,4,0,0.7606727609919197,0.04583769093919255,48.57260176136758,62.60590708034005,0.86907958984375,0.0002808987565589,0.0005603921351955,0.0005072390119216,0.0006308538671966,False,True,False
NBI,gas_6083f65fa279a93b,test,4,2,4,0,0.40081790439771037,0.0471373458195158,61.17437962059817,73.97159476452336,0.2416229248046875,0.0010817941618716,0.0013015599797391,0.0004517295943311,0.0002449129049919,False,True,False
NBI,gas_8922bbe70906715,test,4,1,4,3,0.526318536817409,0.04898539872428918,106.04526387347546,115.38608926354328,0.30255126953125,0.0002731848480938,0.0007951817553485,0.0005380514946732,8.70513863731701e-05,False,True,False
NBI,gas_7cb3e4ae6ee1ca7d,test,4,2,4,0,0.48861572461951114,0.049405873849856244,40.71027903407646,48.84209223673819,0.0836334228515625,0.0006812237075678,0.000837906503056,0.0003265205528073,0.0002136587716941,False,True,False
NBI,gas_1a22e2c2a978c376,test,4,0,4,3,0.6318854059251648,0.0496706523456546,100.59007592140793,104.16042582930604,0.282318115234375,0.0008944023980162,0.0007393609776404,0.0007990388225941,0.0007223668305287,False,True,False
NBI,gas_d87a608e680af548,test,4,1,4,0,0.43622452107675475,0.050929154339653025,51.10220947204082,82.25568205805533,0.13446044921875,0.0007520296776159,0.0011198454763456,0.0008996437071046,0.0002203456426598,False,True,False
NBI,gas_b964aea372dee549,test,4,0,4,0,0.6577635711159411,0.05113551146901217,55.62611494806754,64.26079621781189,0.2228546142578125,0.0010470250603933,0.0013418855346143,0.000506149900534,0.0003828127498333,False,True,False
NBI,gas_a1b3c5fce05ae64b,test,4,0,4,0,0.6169100924527738,0.053739983893359225,85.88924876725635,94.77444820003196,0.13946533203125,0.0005617859323609,0.000296525231871,9.86471651287692e-05,9.825740370510128e-05,False,True,False
NBI,gas_34051,test,4,2,4,0,0.5188380081733115,0.05444561970633932,74.73629359461934,91.00384603773936,0.191162109375,6.703399311957955e-05,0.0002640112880253,0.0002104622837312,5.797877723162637e-05,False,True,False
NBI,gas_4c45177c57b20f13,test,4,0,4,0,0.775095112797082,0.056595098703181225,50.45641740475597,51.40038910358559,0.5352630615234375,0.0010206533775983,0.0009534360489486,0.0005201732943668,0.0002125328649721,False,True,False
NBI,gas_3926c0b84f0e8ff1,test,4,0,4,0,0.8081339200652808,0.057621995224869674,41.48167052556251,47.42571625766878,0.688568115234375,0.0004747690738491,0.0006606852581895,0.0007863433179508,0.0005059094185551,False,True,False
NBI,gas_2ff8e2db3424fdfb,test,4,3,4,3,0.43634675542950346,0.05825688175281225,105.04690561737313,114.56264500145052,0.1127166748046875,0.00064196959066,0.0016222645275878,0.0005451947340742,0.000362170729318,False,True,False
NBI,gas_bb2f30f4f0423c92,test,4,0,4,0,0.7172800996358624,0.05861887001940288,43.68452927939976,47.43100227342323,0.2070465087890625,0.0012642014597202,0.0007777838804713,0.000448046235015,0.0002018478927132,False,True,False
NBI,gas_adabb41367f870fe,test,4,0,4,0,0.6041249910949168,0.05900339127776988,62.99891713002852,80.31428609008171,0.166595458984375,0.0013313970514104,0.0019338919716799,0.0002380990050961,0.0001650240438882,False,True,False
NBI,gas_ecb03379390103e6,test,4,0,4,0,0.7657244774875483,0.05915237367001536,41.01677525035502,54.51597856747153,0.375823974609375,0.0003236857437982,0.0006310337051636,0.0004016572685476,0.0003625121566733,False,True,False
NBI,gas_e2ae7f2a76e15ef6,test,4,0,4,0,0.7991895712684379,0.05958883415588523,33.53644332213445,40.318726251452,0.3780517578125,0.0005185232559776,0.0005627936553734,0.0002572921472839,8.64284888386184e-05,False,True,False
NBI,gas_efd8f104ad0bf30a,test,4,0,4,0,0.7725232610348269,0.06000800008771673,42.650995336534905,64.04685499202324,0.2441558837890625,0.0010016430804043,0.0008667148295717,0.0004535853538827,0.0002683892988416,False,True,False
NBI,gas_c525cc5040683ec3,test,4,0,4,0,0.6735801206089012,0.0614766551899623,32.531818864517,38.9164878389476,0.1115875244140625,0.0003275979669474,0.0005431617889594,0.0002906578177542,0.000138848728464,False,True,False
NBI,gas_e583301bb1c36711,test,4,0,4,0,0.6192979921788858,0.06316104198731537,65.85224131951612,87.94425049143805,0.235137939453125,0.0013273315762962,0.0016254195359221,0.0006935804381087,0.0002663936956177,False,True,False
NBI,gas_a3b11f41a1a994be,test,4,0,4,0,0.8499684160143632,0.06465458110958912,32.948448957641205,42.0,0.626922607421875,0.000286543701094,0.0004508208313087,0.000351704808953,0.0002602250089902,False,True,False
NBI,gas_4d151a64d910d80,test,4,0,4,0,0.65247267486521,0.06745440260846672,57.75485491523751,62.24146527838174,0.3000030517578125,0.0004021203719211,0.0006577132557418,0.0004493329339455,0.0001677228853222,False,True,False
NBI,gas_c50f8aa50d4f6823,test,4,0,4,0,0.842519598417232,0.06765353599420032,26.24784792010207,29.0,0.3668212890625,0.0002253352180205,0.0002366017174803,0.0001884006527228,7.818647043502974e-05,False,True,False
NBI,gas_fb1eff37ac372a6b,test,4,0,4,0,0.8167871663900966,0.07359924564131362,47.30622636765695,48.03591149105012,0.4565887451171875,0.0002189451600955,0.0005933282941044,0.000377099696051,9.215911742304151e-05,False,True,False
NBI,gas_b493971ce67e37d3,test,4,0,4,0,0.8731064546310763,0.07393287984894435,25.22062230369492,39.81205847478876,0.385284423828125,0.0002896979867484,0.0002779623559356,0.0001890518430623,6.282567177233082e-05,False,True,False
NBI,gas_2b714b06a60e137e,test,4,0,4,0,0.5278125126842665,0.0745145254634196,78.83073632343358,82.0,0.320220947265625,0.0008345980618861,0.0016454959784068,0.0009002840281047,0.000320421603852,False,True,False
NBI,gas_95b8d460a2d45039,test,4,0,4,0,0.8379435073955851,0.07618514054548835,34.810230744324684,42.44820352272179,0.48095703125,0.0010485272405975,0.0013924322704062,0.0010528267097117,0.0004708647451917,False,True,False
NBI,gas_af1a47323452e495,test,4,0,4,0,0.7240972805477043,0.07657082695163153,42.45096837938847,46.09772228646444,0.2172698974609375,0.0011859619265646,0.0016710271903785,0.0004997644876252,0.0002775495853077,False,True,False
NBI,gas_1cdd8d6c9e7e29dc,test,4,0,4,0,0.6304243046583864,0.0770980220759884,80.17330255378069,81.97008009891633,0.379913330078125,0.0001318766872877,0.0002067699018556,0.0001649370990614,0.0001037458472303,False,True,False
NBI,gas_58e351d1fd73e299,test,4,0,4,0,0.6995449829135506,0.07758872753418537,67.67831166064683,73.11453908559075,0.3288726806640625,0.0003926522301522,0.000614944454671,0.0006365441698836,0.000174050893131,False,True,False
NBI,gas_48c44f4367c1bd8f,test,4,0,4,0,0.6645803751412176,0.0793660251036365,69.5644764821271,87.0186707180129,0.3529815673828125,0.0003067004489958,0.0008847372753506,0.000865625826542,0.0003455129618203,False,True,False
NBI,gas_637610748c3ab728,test,4,0,4,0,0.7522389143999163,0.08229399376031968,44.90620216640958,48.09261786382712,0.43646240234375,0.0006855653902195,0.00089014414263,0.0005011845140316,0.000217163341613,False,True,False
NBI,gas_ef162dab0f6e54b6,test,4,4,0,4,0.3460778444973629,0.11947391536561333,152.83241981644898,157.41982086128797,0.1928253173828125,0.0005525989269654,0.0017647168799353,0.0011038782747731,0.0004018087286788,True,False,True
NBI,gas_872946e39faa6a36,test,4,3,3,4,0.2742598256029986,0.0691238205757686,129.33319319428875,137.74432231251845,0.1016387939453125,0.0009113858411833,0.0010873513535213,0.0003248774000397,0.0001911646436216,False,False,True
NBI,gas_ac2ec86224241a0,test,4,0,0,4,0.6572528936169388,0.13744856372824638,137.45842537905267,139.9360540579865,0.2631683349609375,0.00058436063658,0.0007874643353534,0.000445306355997,0.0008253687025624,False,False,True
WL,gas_59ef58d465a92352,test,4,4,4,3,0.018330097087378625,0.00035612535612535,249.38455695331436,316.7838379715733,0.2467803955078125,0.000137589597353,0.0004798168039673,0.0003797459003618,0.0008516300716356,True,True,False
WL,gas_26706,test,4,4,4,0,0.3560217622573043,0.0018517093655176999,54.442888339579405,62.27639203220167,0.027252197265625,4.878543317045134e-05,6.451959595716461e-05,2.645372014297357e-05,1.351580321260789e-05,True,True,False
WL,gas_26674,test,4,4,4,0,0.2658613809732007,0.002660922453117075,31.697455968571983,35.618789627050035,0.0131988525390625,0.0001161333368227,0.0002107671768924,0.0001603399243458,2.668839785984842e-05,True,True,False
WL,gas_26697,test,4,4,4,0,0.3504872399169776,0.0179677678571964,66.58922972262687,91.51283530179192,0.0672454833984375,0.000117251660497,7.521533027857787e-05,3.909714775180608e-05,9.026144598423192e-06,True,True,False
WL,gas_25501,test,4,4,4,0,0.38968941442424376,0.023630572750367,56.24887843700361,57.0,0.0542144775390625,0.0001697400201353,0.0001407471520672,0.0001368510503072,9.405821225012688e-05,True,True,False
WL,gas_599f943d393b7123,test,4,4,4,4,0.1243931041542296,0.02880249015608945,118.8093159344507,131.10167724194912,0.0338134765625,0.0002222133042367,0.0002394254123814,0.0001761572843716,2.04161610172113e-05,True,True,True
WL,gas_26130,test,4,4,4,3,0.09072750121656639,0.0338837967557902,167.40574015833477,316.7838379715733,0.01763916015625,4.273096183792902e-05,5.0801605782759056e-05,3.089371062201861e-05,2.1873578497580777e-05,True,True,False
WL,gas_25933,test,4,4,4,1,0.01558728538584135,0.05247555824988025,93.37070056401777,174.01034147535236,0.034423828125,4.736221213141991e-05,4.425172782451986e-05,2.260865348709156e-05,6.413011353019146e-06,True,True,False
WL,gas_36752,test,4,4,4,1,0.35340587922801336,0.05661619551203052,82.51509365203405,103.0,0.0570220947265625,9.2398983482694e-05,8.510687371815429e-05,9.987307347101252e-05,2.165327304735715e-05,True,True,False
WL,gas_26020,test,4,3,4,3,0.15734674777725785,0.016488413547237075,243.8953565762924,316.7838379715733,0.1169891357421875,6.07768151463377e-05,2.984386052084045e-05,2.434923985645577e-05,2.1298308895111284e-05,False,True,False
WL,gas_35734,test,4,0,4,0,0.7524884839498339,0.019486048586065702,43.00102437701105,43.31050348445205,0.3907318115234375,3.998597527801501e-05,0.000120271227941,7.62273881591075e-05,8.164049956053167e-05,False,True,False
WL,gas_36742,test,4,1,4,0,0.542323604612212,0.0215177132120654,62.04228593030172,67.42403010096677,0.3526153564453125,1.2506630626707496e-05,0.000139160486676,0.0002313665571288,0.0001197090194621,False,True,False
WL,gas_35529,test,4,0,4,0,0.7614596708972869,0.03204005107950793,53.270815280171306,55.0,0.43243408203125,2.0892670342473983e-05,8.984511257586782e-05,8.258464484698403e-05,7.333312366630252e-05,False,True,False
WL,gas_35544,test,4,0,4,0,0.8009351737824997,0.032816567038722926,43.43722828553173,49.09175083453431,0.4113616943359375,3.3802317838760674e-05,0.0001450971472064,0.0001213306647262,8.3103348064764e-05,False,True,False
WL,gas_27365,test,4,2,4,0,0.4996510464315355,0.035469143509712475,61.11072941441269,75.85539505363145,0.4962921142578125,5.5050706030311685e-05,0.0002061310037289,0.0002864398121914,4.461881566502414e-05,False,True,False
WL,gas_34868,test,4,1,4,1,0.5252696905274444,0.03763143513734207,73.53514797276699,149.60113459504913,0.0578155517578125,9.598456926130444e-05,0.0002150645400417,0.0001986703511173,0.0001974088343372,False,True,False
WL,gas_25803,test,4,0,4,0,0.6442028232443727,0.039473808522349746,38.64851318042677,52.49761899362675,0.210601806640625,2.200097907993739e-05,0.0001607354007132,0.0001957044811166,0.0002218155058418,False,True,False
WL,gas_26039,test,4,0,4,0,0.705770765125086,0.04249377373384952,59.23748566595451,61.94994266381802,0.2397613525390625,2.8538247525023515e-05,4.978876982495044e-05,2.4245726185356533e-05,1.3107323818386468e-05,False,True,False
WL,gas_67934ddd0f22d48d,test,4,3,4,4,0.40557052271110533,0.04362722801470228,134.90587696853493,146.9366843739469,0.113739013671875,4.862832006091729e-05,0.0003291807982955,0.0003320757883905,0.0002395427943967,False,True,True
WL,gas_27225,test,4,3,4,1,0.4833475015339503,0.04548104431139855,98.35002941360885,109.86672821132598,0.505401611328125,2.8973796800862983e-05,6.740448844149369e-05,7.744936926633428e-05,8.269190218089805e-05,False,True,False
WL,gas_36755,test,4,0,4,0,0.637407206567417,0.045816213665614974,60.779734323205254,82.33163963106777,0.1142120361328125,0.0002353496056532,0.0006471549800422,0.0008399583842746,0.0002434641502695,False,True,False
WL,gas_5cb891a480bdc4a8,test,4,0,4,0,0.6613489977790843,0.04658082918187913,36.982980614201196,47.05004677514102,0.1290283203125,0.0003548058764964,0.0007490606309308,0.0003645494049885,0.0004074788759857,False,True,False
WL,gas_25468,test,4,0,4,0,0.7295904987589252,0.048228006496206975,30.399742999195112,52.20153254455275,0.2834625244140625,0.0002018484768346,0.0002428716035382,0.0002307825171194,0.000275708857927,False,True,False
WL,gas_35742,test,4,0,4,0,0.7508772390890243,0.049277605796331274,33.979617285293415,45.5411901469428,0.1728973388671875,3.873033590178066e-05,0.0002175656315691,0.0002209240852047,9.762439678865532e-05,False,True,False
WL,gas_27456,test,4,0,4,0,0.6671345397741821,0.04942072492865446,53.34663266331629,56.45573370000177,0.318695068359375,5.36937000054508e-05,0.0002962935243342,0.0003121897269315,0.0001161532754544,False,True,False
WL,gas_25748,test,4,0,4,0,0.6536590492768184,0.053974042019104704,50.71441498246335,66.75327707311455,0.1741180419921875,7.417085528703803e-05,0.0001405958663519,6.873609210818585e-05,7.447987371340186e-05,False,True,False
WL,gas_37253,test,4,0,4,0,0.6429052651949663,0.05398782178354965,62.48257191198516,68.87851617246221,0.826263427734375,2.2414266833192426e-05,0.0002834354229034,0.0003575880061502,0.0005728079426938,False,True,False
WL,gas_32649,test,4,0,4,0,0.6850207813356594,0.05456691181465233,52.63187068174763,66.78436886178896,0.4580230712890625,1.3726746806691315e-05,0.0002648864658884,0.0002407896557032,0.0003074707513614,False,True,False
WL,gas_ebb3196cddd73b79,test,4,1,4,0,0.5446481454226844,0.05539161119873162,62.13731730122317,69.40100405732446,0.1439666748046875,0.0002417453986298,0.0003785539126843,0.0003179704832429,9.131893285033828e-05,False,True,False
WL,gas_194b3005cde83e0e,test,4,1,4,1,0.4455646792361456,0.05956446653074485,112.17594535193177,316.7838379715733,0.0492706298828125,5.5270088788186565e-05,0.0002844228923203,0.0002447948674537,0.0003214574151819,False,True,False
WL,gas_34991,test,4,3,4,0,0.48719128092372305,0.06217502166005648,62.48504371810613,66.1996963163702,0.081695556640625,5.053666289384744e-05,0.0001543029811295,0.0001483020516226,2.2578385284938217e-05,False,True,False
WL,gas_5970bae689dba9d0,test,4,1,4,0,0.5713307219421341,0.06522929905809213,39.97418441071105,49.14005184758191,0.093048095703125,0.0003067661344605,0.001064151716237,0.0014855013326144,0.0003594010972981,False,True,False
WL,gas_35851,test,4,0,4,0,0.7325950101591944,0.06554148251375387,40.65006706153501,48.84823390088528,0.2189788818359375,8.173060701816359e-05,0.0002006972139246,0.0001359938728213,5.541892767331602e-05,False,True,False
WL,gas_8d28577af362e689,test,4,0,4,0,0.8326751849575657,0.06976939979147767,27.774327992641226,43.54529710688373,0.423980712890625,0.000199303956082,0.000888126395718,0.0008369924236158,0.0010557619730717,False,True,False
WL,gas_36815,test,4,0,4,0,0.817308956022974,0.07135761012815744,21.457973179948,27.29468812791236,0.2015228271484375,0.0001137784876662,0.0002071624018117,0.0001287032598986,0.0001626739023806,False,True,False
WL,gas_35908,test,4,0,4,0,0.6263686605466985,0.07390466252792904,45.62448754175634,48.30269096250554,0.2126922607421875,6.650916584457119e-05,0.0002325776095932,0.00013148880435,0.0001071087331398,False,True,False
WL,gas_36123,test,4,0,4,1,0.6699984639119376,0.07525986062786252,81.34085062864968,111.46030562302197,0.7473297119140625,2.7489817003318108e-05,0.0002945068072767,0.0003597891532027,0.0003497262173953,False,True,False
WL,gas_35056,test,4,0,4,0,0.8199599088284987,0.0771510542626486,23.561463139774233,26.92582403567252,0.3565521240234375,3.149278061744348e-05,0.0002319277861686,0.000196405956917,0.000149017644697,False,True,False
WL,gas_5ba18fd49a0081de,test,4,0,4,0,0.7238500124737353,0.0807034478536047,39.961389142369676,40.69080480360566,0.2841339111328125,0.0001283816205996,7.188544394373569e-05,5.101455518102641e-05,1.846668896892572e-05,False,True,False
WL,gas_cd452a5ea2593442,test,4,4,3,2,0.08351101634683725,0.04091375376415227,165.4139614817755,316.7838379715733,0.02093505859375,0.0008009157495501,0.0004807860015635,0.0001317773223139,0.0001341314906173,True,False,False
WL,gas_9f473facf6744b3b,test,4,4,2,0,0.2361059684396939,0.0802518706769623,72.21269562552227,86.97700845625813,0.023284912109375,0.0001564543046698,0.0005503007961512,0.0003879406472146,0.0001055685462862,True,False,False
WL,gas_36802,test,4,4,2,4,0.3480905840501119,0.09045785518077801,157.8175714181107,159.76545308670458,0.113555908203125,3.699113804601663e-05,5.926414370827981e-05,7.98511575019837e-05,1.375465338860972e-05,True,False,True
WL,gas_eb89fb15f2135777,test,4,4,0,4,0.4219860245168874,0.20197354087637093,106.69226692186686,110.36392052849558,0.076629638671875,0.000128244811653,0.00023314264097,0.0001539962688334,8.140037080527247e-05,True,False,True
WL,gas_27596,test,4,2,1,4,0.4535026218144116,0.09703955357197068,119.83867736138926,129.03003499033295,0.1181640625,1.7021702830186013e-05,6.378073212988305e-05,7.932143268524788e-05,3.286804388162351e-05,False,False,True
WL,gas_34000,test,4,0,0,4,0.6656317980729912,0.12884493992700022,109.6820806343878,113.84022904282442,0.261993408203125,5.642493060275778e-05,0.0004130798811056,0.0004020622927797,0.0002165510651306,False,False,True
