image,modal,split,model,Dice,IoU,Boundary_IoU,HD95,MAE,scale,global_hfr,boundary_hfr,boundary_freq_std,boundary_freq_gap,pred_fg_ratio,gt_fg_ratio
gas_c50f8aa50d4f6823,NBI,test,unetpp,0.8511704453341848,0.7409022877913192,0.0491750760852154,23.345235059857504,0.1207549422979354,0.3668212890625,0.0002253352180205,0.0002366017174803,0.0001884006527228,7.818647043502974e-05,0.4445750956632653,0.3667889030612244
gas_ec9139c51753a679,NBI,test,unet,0.9044007142983432,0.825484943356034,0.0492924895039651,17.26267650163207,0.1077606827020645,0.5187835693359375,0.0014286034346739,0.0012379016751757,0.0004619697991477,0.00061077024696,0.6083187181122449,0.5188934948979592
gas_ec9139c51753a679,NBI,test,attention_unet,0.8959519179777267,0.8115153067759703,0.0555043050430504,25.079872407968907,0.1173070818185806,0.5187835693359375,0.0014286034346739,0.0012379016751757,0.0004619697991477,0.00061077024696,0.6085379464285714,0.5188934948979592
gas_4b32948d8cfca917,NBI,test,unet,0.871985107279225,0.7730262365384152,0.0605083215069023,43.01162162501544,0.1877590864896774,0.6395263671875,0.0008374259939782,0.0008696600090064,0.0005039774320803,0.0001528361497454,0.8271085778061225,0.6395886479591837
gas_a3b11f41a1a994be,NBI,test,swin_unet,0.8620599659179883,0.7575618574782116,0.0619584055459272,25.791233411588145,0.1790696680545807,0.626922607421875,0.000286543701094,0.0004508208313087,0.000351704808953,0.0002602250089902,0.6707788584183674,0.6273915816326531
gas_4b32948d8cfca917,NBI,test,unetpp,0.8683533331527481,0.767336094023027,0.066621803499327,51.00980015517485,0.1937181055545807,0.6395263671875,0.0008374259939782,0.0008696600090064,0.0005039774320803,0.0001528361497454,0.8319116709183674,0.6395886479591837
gas_b493971ce67e37d3,NBI,test,unetpp,0.8643327280980481,0.7610791906070448,0.0689851767388825,25.02097486029916,0.0953045263886451,0.385284423828125,0.0002896979867484,0.0002779623559356,0.0001890518430623,6.282567177233082e-05,0.3170041454081632,0.3854830994897959
gas_d17953c118aa0ea8,NBI,test,swin_unet,0.8513124136569963,0.7411174489725793,0.0758920800696257,25.14346701608051,0.1501514613628387,0.5366668701171875,0.0004630481118412,0.0009674015377122,0.0004428052643352,0.0008080353312879,0.4732342155612244,0.5366111288265306
gas_c0b78a6a640849e8,NBI,test,attention_unet,0.8565526048905082,0.749096642796137,0.0784156831366273,31.171237483085385,0.0761120840907096,0.295684814453125,0.0002873776115642,0.0003215576052187,0.0001562826652015,0.0003775865217003,0.2351522640306122,0.2954400510204081
gas_b493971ce67e37d3,NBI,test,swin_unet,0.8744581187629106,0.7769218838856434,0.0803165182987141,22.59583183261805,0.0859972909092903,0.385284423828125,0.0002896979867484,0.0002779623559356,0.0001890518430623,6.282567177233082e-05,0.2995256696428571,0.3854830994897959
gas_c0b78a6a640849e8,NBI,test,unet,0.8577871201987388,0.7509870842534966,0.0867242087957254,31.373922984528065,0.0741589590907096,0.295684814453125,0.0002873776115642,0.0003215576052187,0.0001562826652015,0.0003775865217003,0.226024394132653,0.2954400510204081
gas_90cdcb83838f6bec,NBI,test,attention_unet,0.8823224468636599,0.7894248608534323,0.0884534905839832,14.0356688476182,0.0769092813134193,0.3567657470703125,0.0007040113499059,0.0006299149782714,0.0005269339103711,0.0007154642293255,0.2971938775510204,0.3563655931122449
gas_9095fa0a7544fd2,NBI,test,unetpp,0.8534043646899387,0.7442940984675579,0.0908876298394712,15.0,0.0625199303030967,0.2423248291015625,0.0009685315577578,0.0007923292365878,0.0002379509791521,0.0001845081992666,0.1842912946428571,0.2421875
gas_53709e1f40fe370,NBI,test,unet,0.8681541582150102,0.7670250896057348,0.0931318681318681,27.89801879386457,0.174884408712387,0.5782623291015625,0.0006007755924149,0.0006232522741728,0.0003904241540323,8.714602485311931e-05,0.7479671556122449,0.5784638073979592
gas_a3b11f41a1a994be,NBI,test,unet,0.8750440879784428,0.7778474504000602,0.0938643399943709,25.0,0.1765186488628387,0.626922607421875,0.000286543701094,0.0004508208313087,0.000351704808953,0.0002602250089902,0.7852558992346939,0.6273915816326531
gas_9d2fea0944ac75be,NBI,test,unetpp,0.8889805308966205,0.8001484722981949,0.0949324324324324,23.259406699226016,0.101941168308258,0.5087738037109375,0.0007310897047793,0.0006374106656164,0.0002985739020425,0.0002210617034216,0.4092195471938775,0.5090082908163265
gas_6e9f38b5c1ee0260,NBI,test,swin_unet,0.8846722192369694,0.7931948208370972,0.0950794852384557,24.73154037515956,0.1368781924247741,0.5252532958984375,0.0003123583309804,0.0003550299553281,0.0003374634660801,0.0002104387447149,0.6617705676020408,0.5250916772959183
gas_5d6308d5dc0a5a6d,NBI,test,swin_unet,0.8560298910883218,0.7482974287699792,0.097024966362685,40.86805678846788,0.1804647594690323,0.70654296875,0.001625267221896,0.0023483818216084,0.0014945308812861,0.0005921883160384,0.5463966836734694,0.7070910395408163
gas_10fe196470c953ee,NBI,test,attention_unet,0.8866436529987932,0.796370052936728,0.0970388411742084,29.0,0.1609933078289032,0.707794189453125,0.0005034970370001,0.0007511238990455,0.0006649231165508,0.000163394979723,0.7119937818877551,0.7082469706632653
gas_b493971ce67e37d3,NBI,test,unet,0.90606092771468,0.8282553852124975,0.0971792890262751,13.45362404707371,0.0705516561865806,0.385284423828125,0.0002896979867484,0.0002779623559356,0.0001890518430623,6.282567177233082e-05,0.3655532525510204,0.3854830994897959
gas_a57d5991dae795de,NBI,test,unet,0.8823098154217699,0.789404637882471,0.0975434821588667,32.77188223389656,0.108777105808258,0.4095458984375,0.0001882911212962,0.0004227924491336,0.0003159635776585,0.0001533637993118,0.5155253507653061,0.4087412308673469
gas_e96e8099af2efd07,NBI,test,unet,0.8514416239279403,0.7413133208255159,0.0984371355260088,18.391388583662994,0.0686981827020645,0.2198333740234375,0.0008890481260249,0.0010996932999249,0.0004498736690904,0.0008839177316694,0.2423668686224489,0.2200653698979592
gas_e2ae7f2a76e15ef6,NBI,test,swin_unet,0.8725495461625221,0.7739138719512195,0.0987699651184138,23.095423458130163,0.0945870503783226,0.3780517578125,0.0005185232559776,0.0005627936553734,0.0002572921472839,8.64284888386184e-05,0.3642578125,0.3778898278061224
gas_90cdcb83838f6bec,NBI,test,swin_unet,0.8689912826899129,0.7683329663069809,0.0988563675130839,18.520082076162023,0.0838647931814193,0.3567657470703125,0.0007040113499059,0.0006299149782714,0.0005269339103711,0.0007154642293255,0.2837810905612244,0.3563655931122449
gas_1e64d1109280f3b7,WL,test,swin_unet,0.8777923784494087,0.7822014051522248,0.0525154457193292,22.020443990990717,0.1408641636371612,0.5747833251953125,0.000333612174164,0.0006494696504728,0.0003473726402003,0.0004304296390095,0.5773477359693877,0.5753148915816326
gas_35737,WL,test,unet,0.876820339528522,0.7806590257879656,0.0577288780222765,24.186773244895647,0.1525629758834839,0.5659027099609375,4.727751204845593e-05,0.0001422035695321,0.0001098082528875,8.980139109580662e-05,0.6730110012755102,0.5655293367346939
gas_32934,WL,test,attention_unet,0.8756385003171635,0.7787873389156126,0.0599746139200338,77.27481755673561,0.1484773606061935,0.5482177734375,2.817744956459646e-05,0.0001146486407475,9.377259611594324e-05,9.609012193239132e-05,0.6457270408163265,0.5481903698979592
gas_33871,WL,test,attention_unet,0.8707047098832705,0.7710159756296072,0.0610021786492374,46.37347533613007,0.1962492018938064,0.6817169189453125,4.228933473671765e-05,0.0002434915778721,0.0001321435127414,0.0001121398059128,0.8358577806122449,0.6819794323979592
gas_26092,WL,test,unet,0.8624347000158303,0.7581408293904814,0.0681818181818181,17.951189470793043,0.0692761465907096,0.2512969970703125,4.684563925249023e-05,9.968194060315408e-05,7.796911254870228e-05,3.321021927728054e-05,0.2515545280612244,0.2520328443877551
gas_5949f8f040a1bf90,WL,test,unet,0.8709661905448949,0.771426137331743,0.0686716791979949,14.499620099739865,0.053471777588129,0.213897705078125,0.0002097574425904,0.0003749815329312,0.0002886992536332,7.956835713349738e-05,0.2003746811224489,0.2140266262755102
gas_36455,WL,test,unetpp,0.8597517951272153,0.7540040768782761,0.0715127701375245,50.54299143831908,0.2020288556814193,0.7809906005859375,2.833829058555813e-05,0.0003191127170068,0.00040511905658,0.0004113294126954,0.6600366709183674,0.7804727359693877
gas_33871,WL,test,unetpp,0.9003231557833742,0.8187161169377312,0.0724966622162883,23.59766529988529,0.1426179856061935,0.6817169189453125,4.228933473671765e-05,0.0002434915778721,0.0001321435127414,0.0001121398059128,0.7488241390306123,0.6819794323979592
gas_8d28577af362e689,WL,test,unet,0.8609643413227148,0.7558712800286841,0.0744016649323621,20.0,0.1085578799247741,0.423980712890625,0.000199303956082,0.000888126395718,0.0008369924236158,0.0010557619730717,0.3571428571428571,0.423648756377551
gas_25383,WL,test,swin_unet,0.8513355326167926,0.7411524921252548,0.0744951970201921,18.027756377319943,0.0835259854793548,0.2687835693359375,7.807036656206633e-05,4.902390942311189e-05,3.038466030096547e-05,7.095785248894411e-06,0.2935467155612244,0.2682955994897959
gas_89c5020ed9db1d57,WL,test,unet,0.8563398275311402,0.7487712243074174,0.0780538302277432,17.0,0.0896444544196128,0.3567962646484375,0.000236565771878,0.0003682372187131,0.0003085612198859,0.0001779338635175,0.2672592474489796,0.3567442602040816
gas_36815,WL,test,swin_unet,0.8651555897041875,0.7623561272850372,0.0808163265306122,12.0,0.0629583895206451,0.2015228271484375,0.0001137784876662,0.0002071624018117,0.0001287032598986,0.0001626739023806,0.2647082270408163,0.2021882971938775
gas_32934,WL,test,swin_unet,0.9036724467594118,0.8242723117632909,0.0868791697553743,25.11942946412396,0.1164700239896774,0.5482177734375,2.817744956459646e-05,0.0001146486407475,9.377259611594324e-05,9.609012193239132e-05,0.6609135841836735,0.5481903698979592
gas_8d28577af362e689,WL,test,unetpp,0.8910154446097799,0.8034516263360015,0.0879832412873738,21.93171219946131,0.084661990404129,0.423980712890625,0.000199303956082,0.000888126395718,0.0008369924236158,0.0010557619730717,0.3531768176020408,0.423648756377551
gas_1726edbf713b7ed8,WL,test,swin_unet,0.871094187479001,0.7716269841269842,0.0902394106813996,19.235384061671343,0.1146962717175483,0.3987884521484375,0.0002643030062278,0.0004130316752443,0.000473576370021,0.0001432124897825,0.490852200255102,0.3989158163265306
gas_35737,WL,test,unetpp,0.8840609137055837,0.7922125181950509,0.0915723645026801,23.0,0.1479392498731613,0.5659027099609375,4.727751204845593e-05,0.0001422035695321,0.0001098082528875,8.980139109580662e-05,0.7104791135204082,0.5655293367346939
gas_33850,WL,test,unet,0.8724745972443662,0.7737959562703136,0.0939422945439628,28.75046456899026,0.1068040505051612,0.381195068359375,2.128637450566369e-05,0.0001057732011895,0.000124150515977,7.151505290322417e-05,0.455695950255102,0.3818160076530612
gas_26092,WL,test,unetpp,0.8761796574624258,0.7796438846123941,0.0956290215220767,14.173876274650372,0.0564811863005161,0.2512969970703125,4.684563925249023e-05,9.968194060315408e-05,7.796911254870228e-05,3.321021927728054e-05,0.2041214923469387,0.2520328443877551
gas_27632,WL,test,unetpp,0.8672778388950007,0.7656580480856391,0.0957392197125256,21.80233518940373,0.1081991419196128,0.368927001953125,0.0001001102458393,0.0003371872479892,0.0004163662435959,0.0001160861125377,0.4456911670918367,0.3695392219387755
gas_2c5242c3a74d64a1,WL,test,unetpp,0.857747559459245,0.7509264406151566,0.0963315597871744,16.97056274847714,0.1071627885103225,0.3731842041015625,0.0003309755709125,0.001304315235315,0.0021777751058212,0.0008116907999321,0.3806999362244898,0.3726283482142857
gas_32435,WL,test,attention_unet,0.8557482916572802,0.7478671741698386,0.0969659442724458,24.020824298928627,0.1531409472227096,0.480072021484375,5.692230471721789e-05,6.872769310757387e-05,6.062311632210383e-05,3.66447972725724e-05,0.5821308992346939,0.4794921875
gas_35737,WL,test,swin_unet,0.8689592023603622,0.7682828101106414,0.0972023979446188,37.07953484673504,0.1540178507566452,0.5659027099609375,4.727751204845593e-05,0.0001422035695321,0.0001098082528875,8.980139109580662e-05,0.6098134566326531,0.5655293367346939
gas_32783,WL,test,attention_unet,0.8589160734581563,0.75271945689497,0.0988722216139275,42.97206785187559,0.1880181729793548,0.6319122314453125,7.30027629972438e-05,0.0003934909656484,0.0003322132517314,0.0002986926006352,0.7024075255102041,0.6302614795918368
gas_27629,WL,test,swin_unet,0.878515328097289,0.7833502767423473,0.099343544857768,25.46852960312097,0.1529017835855484,0.6125946044921875,7.819467289586407e-05,0.0003086858448396,0.0003684282159584,0.0002449077908196,0.6460857780612245,0.6125239158163265
