modal,image,split,model_count,low_dice_count,low_boundary_iou_count,high_hd95_count,high_dice_low_boundary_count,Dice_mean,Boundary_IoU_mean,HD95_mean,interior_error_ratio_mean,boundary_error_ratio_mean,exterior_error_ratio_mean,boundary_FN_error_ratio_mean,boundary_FP_error_ratio_mean,boundary_fp_fn_balance_mean,scale,global_hfr,boundary_hfr,boundary_freq_std,boundary_freq_gap,common_low_dice,common_low_boundary_iou,common_high_hd95
WL,gas_36815,test,4,0,4,0,1,0.817308956022974,0.07135761012815744,21.457973179948,0.0001763979537837361,0.4638652053446458,0.5359583967015704,0.008879910490624091,0.4549852948540217,0.9810143839498953,0.2015228271484375,0.0001137784876662,0.0002071624018117,0.0001287032598986,0.0001626739023806,False,True,False
WL,gas_5cb891a480bdc4a8,test,4,0,4,0,0,0.6613489977790843,0.04658082918187913,36.982980614201196,0.5752834946561606,0.4247165053438394,0.0,0.4247165053438394,0.0,0.0,0.1290283203125,0.0003548058764964,0.0007490606309308,0.0003645494049885,0.0004074788759857,False,True,False
WL,gas_35056,test,4,0,4,0,0,0.8199599088284987,0.0771510542626486,23.561463139774233,0.6239764351103245,0.3758373867544357,0.00018617813523979745,0.368316711695435,0.00752067505900068,0.019325323819760563,0.3565521240234375,3.149278061744348e-05,0.0002319277861686,0.000196405956917,0.000149017644697,False,True,False
WL,gas_8d28577af362e689,test,4,0,4,0,2,0.8326751849575657,0.06976939979147767,27.774327992641226,0.5696126118898663,0.3450658045862603,0.08532158352387345,0.2845943173101847,0.06047148727607558,0.17787317500828304,0.423980712890625,0.000199303956082,0.000888126395718,0.0008369924236158,0.0010557619730717,False,True,False
WL,gas_25468,test,4,0,4,0,0,0.7295904987589252,0.048228006496206975,30.399742999195112,0.5946422448003323,0.33360940458703814,0.07174835061262959,0.2955661472546104,0.03804325733242771,0.09837005832154573,0.2834625244140625,0.0002018484768346,0.0002428716035382,0.0002307825171194,0.000275708857927,False,True,False
WL,gas_35742,test,4,0,4,0,0,0.7508772390890243,0.049277605796331274,33.979617285293415,0.01637050274417222,0.3314605443755951,0.6521689528802327,0.050579239693745906,0.2808813046818492,0.8564101900840395,0.1728973388671875,3.873033590178066e-05,0.0002175656315691,0.0002209240852047,9.762439678865532e-05,False,True,False
WL,gas_26130,test,4,4,4,3,0,0.09072750121656639,0.0338837967557902,167.40574015833477,0.25621887258710735,0.3181372727259459,0.42564385468694677,0.29056513946047197,0.027572133265473905,0.27177896275623775,0.01763916015625,4.273096183792902e-05,5.0801605782759056e-05,3.089371062201861e-05,2.1873578497580777e-05,True,True,False
WL,gas_194b3005cde83e0e,test,4,1,4,1,0,0.4455646792361456,0.05956446653074485,112.17594535193177,0.3210270074998464,0.30953528288795884,0.36943770961219474,0.21634639278831358,0.09318889009964525,0.38715563831827027,0.0492706298828125,5.5270088788186565e-05,0.0002844228923203,0.0002447948674537,0.0003214574151819,False,True,False
WL,gas_26020,test,4,3,4,3,0,0.15734674777725785,0.016488413547237075,243.8953565762924,0.6990730826326572,0.3009269173673428,0.0,0.3009269173673428,0.0,0.0,0.1169891357421875,6.07768151463377e-05,2.984386052084045e-05,2.434923985645577e-05,2.1298308895111284e-05,False,True,False
WL,gas_25803,test,4,0,4,0,0,0.6442028232443727,0.039473808522349746,38.64851318042677,0.5815247024665793,0.28208958048994004,0.13638571704348065,0.23912368045971907,0.042965900030220966,0.1657207065179716,0.210601806640625,2.200097907993739e-05,0.0001607354007132,0.0001957044811166,0.0002218155058418,False,True,False
WL,gas_cd452a5ea2593442,test,4,4,3,2,0,0.08351101634683725,0.04091375376415227,165.41396148177552,0.22491005036502798,0.2728081505677972,0.5022817990671749,0.2616311397541279,0.011177010813669298,0.08594014313597917,0.02093505859375,0.0008009157495501,0.0004807860015635,0.0001317773223139,0.0001341314906173,True,False,False
WL,gas_35851,test,4,0,4,0,0,0.7325950101591944,0.06554148251375387,40.65006706153501,0.0,0.26954034555392514,0.7304596544460749,0.0,0.26954034555392514,1.0,0.2189788818359375,8.173060701816359e-05,0.0002006972139246,0.0001359938728213,5.541892767331602e-05,False,True,False
WL,gas_5970bae689dba9d0,test,4,1,4,0,0,0.5713307219421341,0.06522929905809213,39.97418441071105,0.31764765738924033,0.2692509196386176,0.4131014229721421,0.1790228112540813,0.09022810838453632,0.3370093989351131,0.093048095703125,0.0003067661344605,0.001064151716237,0.0014855013326144,0.0003594010972981,False,True,False
WL,gas_5ba18fd49a0081de,test,4,0,4,0,0,0.7238500124737353,0.0807034478536047,39.961389142369676,0.7316974558993348,0.2683025441006653,0.0,0.2657063691936842,0.0025961749069810863,0.009373839875160939,0.2841339111328125,0.0001283816205996,7.188544394373569e-05,5.101455518102641e-05,1.846668896892572e-05,False,True,False
WL,gas_36755,test,4,0,4,0,0,0.637407206567417,0.045816213665614974,60.779734323205254,0.016064259681269073,0.26829796887198815,0.7156377714467428,0.0278046024250349,0.24049336644695327,0.9105992800522695,0.1142120361328125,0.0002353496056532,0.0006471549800422,0.0008399583842746,0.0002434641502695,False,True,False
WL,gas_35544,test,4,0,4,0,0,0.8009351737824997,0.03281656703872292,43.43722828553173,0.002608489447474508,0.2514099074035088,0.7459816031490166,0.006316445900412939,0.24509346150309588,0.9745943068198686,0.4113616943359375,3.3802317838760674e-05,0.0001450971472064,0.0001213306647262,8.3103348064764e-05,False,True,False
WL,gas_35529,test,4,0,4,0,0,0.7614596708972869,0.03204005107950793,53.270815280171306,0.0019896678107032915,0.2471056326912207,0.7509046994980759,0.008197724634794484,0.23890790805642625,0.9672202661992255,0.43243408203125,2.0892670342473983e-05,8.984511257586782e-05,8.258464484698403e-05,7.333312366630252e-05,False,True,False
WL,gas_25748,test,4,0,4,0,0,0.6536590492768184,0.053974042019104704,50.71441498246335,0.0013253104400646537,0.23193404439001844,0.7667406451699169,0.024488492714488563,0.2074455516755299,0.8900707630964613,0.1741180419921875,7.417085528703803e-05,0.0001405958663519,6.873609210818585e-05,7.447987371340186e-05,False,True,False
WL,gas_27456,test,4,0,4,0,0,0.6671345397741821,0.04942072492865445,53.34663266331629,0.46770782745292283,0.2315820554760429,0.3007101170710343,0.15751020035935281,0.0740718551166901,0.32813510441878446,0.318695068359375,5.36937000054508e-05,0.0002962935243342,0.0003121897269315,0.0001161532754544,False,True,False
WL,gas_35734,test,4,0,4,0,0,0.7524884839498339,0.019486048586065702,43.00102437701105,0.0,0.22533719500789612,0.7746628049921039,0.0,0.22533719500789612,1.0,0.3907318115234375,3.998597527801501e-05,0.000120271227941,7.62273881591075e-05,8.164049956053167e-05,False,True,False
WL,gas_27596,test,4,2,1,4,0,0.4535026218144116,0.09703955357197067,119.83867736138926,0.2474537579170768,0.22296167809724293,0.5295845639856802,0.1744561654558037,0.04850551264143928,0.24326677408413183,0.1181640625,1.7021702830186013e-05,6.378073212988305e-05,7.932143268524788e-05,3.286804388162351e-05,False,False,True
WL,gas_26039,test,4,0,4,0,0,0.705770765125086,0.04249377373384952,59.23748566595451,0.05151786729652614,0.20563415990477274,0.7428479727987011,0.03522500071513426,0.1704091591896385,0.8298948529437051,0.2397613525390625,2.8538247525023515e-05,4.978876982495044e-05,2.4245726185356533e-05,1.3107323818386468e-05,False,True,False
WL,gas_35908,test,4,0,4,0,0,0.6263686605466985,0.07390466252792904,45.62448754175634,0.1018297833311523,0.19942312663321765,0.6987470900356301,0.0352612400853742,0.16416188654784344,0.824661978885554,0.2126922607421875,6.650916584457119e-05,0.0002325776095932,0.00013148880435,0.0001071087331398,False,True,False
WL,gas_32649,test,4,0,4,0,0,0.6850207813356594,0.05456691181465233,52.63187068174763,0.6450801557190755,0.19691287515952471,0.15800696912139983,0.12006007177273853,0.07685280338678618,0.39023249561751117,0.4580230712890625,1.3726746806691315e-05,0.0002648864658884,0.0002407896557032,0.0003074707513614,False,True,False
WL,gas_27365,test,4,2,4,0,0,0.4996510464315355,0.035469143509712475,61.11072941441269,0.8059873674628886,0.1930585187534956,0.0009541137836158694,0.18714519959422612,0.0059133191592694945,0.021101375332741795,0.4962921142578125,5.5050706030311685e-05,0.0002061310037289,0.0002864398121914,4.461881566502414e-05,False,True,False
WL,gas_34868,test,4,1,4,1,0,0.5252696905274444,0.03763143513734207,73.53514797276699,0.0,0.19174902783179426,0.8082509721682057,0.00034352713130526104,0.191405500700489,0.9980853943442607,0.0578155517578125,9.598456926130444e-05,0.0002150645400417,0.0001986703511173,0.0001974088343372,False,True,False
WL,gas_59ef58d465a92352,test,4,4,4,3,0,0.018330097087378625,0.00035612535612535,249.38455695331436,0.8102623732031293,0.18973762679687067,0.0,0.18973762679687067,0.0,0.0,0.2467803955078125,0.000137589597353,0.0004798168039673,0.0003797459003618,0.0008516300716356,True,True,False
WL,gas_27225,test,4,3,4,1,0,0.4833475015339503,0.04548104431139855,98.35002941360885,0.7586729212835898,0.17192921025489216,0.06939786846151812,0.15064049215488673,0.021288718100005422,0.12297903083978523,0.505401611328125,2.8973796800862983e-05,6.740448844149369e-05,7.744936926633428e-05,8.269190218089805e-05,False,True,False
WL,gas_599f943d393b7123,test,4,4,4,4,0,0.1243931041542296,0.02880249015608945,118.8093159344507,0.24430552828184104,0.1651443153999353,0.5905501563182237,0.15635344989837036,0.00879086550156494,0.08461640704434148,0.0338134765625,0.0002222133042367,0.0002394254123814,0.0001761572843716,2.04161610172113e-05,True,True,True
WL,gas_26706,test,4,4,4,0,0,0.3560217622573043,0.0018517093655176999,54.442888339579405,0.0,0.16213724193302342,0.8378627580669766,0.0,0.16213724193302342,1.0,0.027252197265625,4.878543317045134e-05,6.451959595716461e-05,2.645372014297357e-05,1.351580321260789e-05,True,True,False
WL,gas_36123,test,4,0,4,1,0,0.6699984639119376,0.07525986062786252,81.34085062864968,0.7627496732701609,0.15976885526107976,0.07748147146875933,0.14855006186935119,0.011218793391728562,0.06361587852420765,0.7473297119140625,2.7489817003318108e-05,0.0002945068072767,0.0003597891532027,0.0003497262173953,False,True,False
WL,gas_26674,test,4,4,4,0,0,0.26586138097320067,0.002660922453117075,31.697455968571983,0.0,0.15677511257328033,0.8432248874267196,0.0,0.15677511257328033,1.0,0.0131988525390625,0.0001161333368227,0.0002107671768924,0.0001603399243458,2.668839785984842e-05,True,True,False
WL,gas_37253,test,4,0,4,0,0,0.6429052651949663,0.05398782178354965,62.48257191198516,0.8457255146753595,0.15427448532464044,0.0,0.1459590098474739,0.008315475477166554,0.0540114968747399,0.826263427734375,2.2414266833192426e-05,0.0002834354229034,0.0003575880061502,0.0005728079426938,False,True,False
WL,gas_36742,test,4,1,4,0,0,0.542323604612212,0.0215177132120654,62.04228593030172,0.4063661459838773,0.152381326139575,0.44125252787654773,0.09931308238235048,0.05306824375722449,0.3494707311539038,0.3526153564453125,1.2506630626707496e-05,0.000139160486676,0.0002313665571288,0.0001197090194621,False,True,False
WL,gas_34991,test,4,3,4,0,0,0.487191280923723,0.06217502166005648,62.48504371810613,0.009195585918650537,0.14566173013204717,0.8451426839493023,0.030445604011255012,0.11521612612079214,0.7916105146590268,0.081695556640625,5.053666289384744e-05,0.0001543029811295,0.0001483020516226,2.2578385284938217e-05,False,True,False
WL,gas_34000,test,4,0,0,4,0,0.6656317980729912,0.12884493992700022,109.6820806343878,0.03765460410272973,0.13767153853891356,0.8246738573583567,0.07007092296508168,0.06760061557383187,0.5057497364233607,0.261993408203125,5.642493060275778e-05,0.0004130798811056,0.0004020622927797,0.0002165510651306,False,False,True
WL,gas_ebb3196cddd73b79,test,4,1,4,0,0,0.5446481454226844,0.05539161119873163,62.13731730122317,0.0630779394131606,0.13520573081204912,0.8017163297747902,0.04031091799918109,0.09489481281286805,0.6979370996453662,0.1439666748046875,0.0002417453986298,0.0003785539126843,0.0003179704832429,9.131893285033828e-05,False,True,False
WL,gas_25501,test,4,4,4,0,0,0.38968941442424376,0.023630572750367,56.24887843700361,0.0,0.13112373412015021,0.8688762658798498,0.0018399810066476734,0.12928375311350254,0.9880769230769231,0.0542144775390625,0.0001697400201353,0.0001407471520672,0.0001368510503072,9.405821225012688e-05,True,True,False
WL,gas_25933,test,4,4,4,1,0,0.01558728538584135,0.05247555824988025,93.37070056401777,0.18388724197222073,0.12820930712943504,0.6879034508983441,0.10764843822173112,0.020560868907703915,0.17690365392948243,0.034423828125,4.736221213141991e-05,4.425172782451986e-05,2.260865348709156e-05,6.413011353019146e-06,True,True,False
WL,gas_26697,test,4,4,4,0,0,0.3504872399169776,0.0179677678571964,66.58922972262687,0.0006310793046265396,0.12350541563365647,0.875863505061717,0.006822535318769005,0.11668288031488747,0.9466735249583973,0.0672454833984375,0.000117251660497,7.521533027857787e-05,3.909714775180608e-05,9.026144598423192e-06,True,True,False
WL,gas_36752,test,4,4,4,1,0,0.35340587922801336,0.05661619551203052,82.51509365203405,0.0002830497389180829,0.10231089563098356,0.8974060546300984,0.009485778585283764,0.0928251170456998,0.8941995746637649,0.0570220947265625,9.2398983482694e-05,8.510687371815429e-05,9.987307347101252e-05,2.165327304735715e-05,True,True,False
WL,gas_9f473facf6744b3b,test,4,4,2,0,0,0.2361059684396939,0.0802518706769623,72.21269562552227,0.0,0.08752019140779353,0.9124798085922065,0.004747606707424684,0.08277258470036886,0.942859482614131,0.023284912109375,0.0001564543046698,0.0005503007961512,0.0003879406472146,0.0001055685462862,True,False,False
WL,gas_67934ddd0f22d48d,test,4,3,4,4,0,0.4055705227111054,0.04362722801470227,134.90587696853493,0.0020542761379608605,0.07339583375284758,0.9245498901091915,0.005559765210788944,0.06783606854205865,0.9601427683684951,0.113739013671875,4.862832006091729e-05,0.0003291807982955,0.0003320757883905,0.0002395427943967,False,True,True
WL,gas_36802,test,4,4,2,4,0,0.3480905840501119,0.09045785518077801,157.8175714181107,0.004154420615715402,0.056853021731217354,0.9389925576530672,0.019601651548881518,0.03725137018233584,0.6383987284967968,0.113555908203125,3.699113804601663e-05,5.926414370827981e-05,7.98511575019837e-05,1.375465338860972e-05,True,False,True
WL,gas_eb89fb15f2135777,test,4,4,0,4,0,0.4219860245168874,0.20197354087637093,106.69226692186686,2.4584521585209953e-05,0.04772948260156454,0.9522459328768502,0.0083379624960973,0.03939152010546724,0.8271959514701459,0.076629638671875,0.000128244811653,0.00023314264097,0.0001539962688334,8.140037080527247e-05,True,False,True
NBI,gas_b493971ce67e37d3,test,4,0,4,0,3,0.8731064546310763,0.07393287984894435,25.22062230369492,0.389568357796731,0.44226273869154553,0.1681689035117235,0.35883104064384796,0.08343169804769755,0.18623253472489845,0.385284423828125,0.0002896979867484,0.0002779623559356,0.0001890518430623,6.282567177233082e-05,False,True,False
NBI,gas_ee1a49eaf89ca25a,test,4,4,4,2,0,0.10129579932476382,0.013032834101382475,184.75352973566237,0.5061372737910848,0.331597877285256,0.16226484892365917,0.3071513828203114,0.024446494464944648,0.11002372479240807,0.0678558349609375,0.0002191597560025,0.0002467016390287,4.8076080958816106e-05,3.628976824999756e-05,True,True,False
NBI,gas_c50f8aa50d4f6823,test,4,0,4,0,1,0.842519598417232,0.06765353599420032,26.247847920102068,0.05641664092988204,0.33035704580031466,0.6132263132698033,0.08556043410800035,0.24479661169231437,0.7417332963041193,0.3668212890625,0.0002253352180205,0.0002366017174803,0.0001884006527228,7.818647043502974e-05,False,True,False
NBI,gas_e2ae7f2a76e15ef6,test,4,0,4,0,1,0.7991895712684379,0.05958883415588523,33.53644332213445,0.4588401785188617,0.320538754767026,0.2206210667141123,0.2401306842895818,0.08040807047744422,0.23521003560708725,0.3780517578125,0.0005185232559776,0.0005627936553734,0.0002572921472839,8.64284888386184e-05,False,True,False
NBI,gas_7cb3e4ae6ee1ca7d,test,4,2,4,0,0,0.48861572461951114,0.04940587384985625,40.71027903407646,0.48909545963001166,0.31231701206840423,0.19858752830158402,0.22277045801650555,0.0895465540518987,0.28729873601008526,0.0836334228515625,0.0006812237075678,0.000837906503056,0.0003265205528073,0.0002136587716941,False,True,False
NBI,gas_8809274ac654c27d,test,4,4,4,0,0,0.22087010442676341,0.0336863211778027,34.87542196197611,0.5930917324038809,0.2975597187278175,0.10934854886830168,0.2613891273999825,0.036170591327834976,0.12988725142045454,0.0532379150390625,0.0008805189783833,0.0017319388207557,0.0007809624238046,3.36804509009944e-05,True,True,False
NBI,gas_58e351d1fd73e299,test,4,0,4,0,0,0.6995449829135506,0.07758872753418537,67.67831166064683,0.5931414418288474,0.2768418017779005,0.13001675639325205,0.2419319263937148,0.03490987538418569,0.1324775386425715,0.3288726806640625,0.0003926522301522,0.000614944454671,0.0006365441698836,0.000174050893131,False,True,False
NBI,gas_efd8f104ad0bf30a,test,4,0,4,0,0,0.7725232610348269,0.06000800008771673,42.650995336534905,0.21461811034175834,0.2728907328513812,0.5124911568068604,0.1438606118987857,0.12903012095259547,0.48431641691510635,0.2441558837890625,0.0010016430804043,0.0008667148295717,0.0004535853538827,0.0002683892988416,False,True,False
NBI,gas_f2dbf6021790f01e,test,4,0,4,0,0,0.762313986824928,0.0367742175683081,45.237875434201705,0.7288757766748393,0.27086569178431275,0.0002585315408479835,0.2676135914723693,0.003252100311943496,0.010611185097774558,0.4171295166015625,0.0007202215377725,0.0012835853123087,0.0007423738683327,0.0009028539545589,False,True,False
NBI,gas_95b8d460a2d45039,test,4,0,4,0,0,0.8379435073955851,0.07618514054548835,34.810230744324684,0.26250979732536733,0.2699099141244394,0.4675802885501933,0.1402886211978367,0.1296212929266027,0.4930692022538254,0.48095703125,0.0010485272405975,0.0013924322704062,0.0010528267097117,0.0004708647451917,False,True,False
NBI,gas_a3b11f41a1a994be,test,4,0,4,0,2,0.8499684160143632,0.06465458110958913,32.948448957641205,0.24507792486452099,0.2638904689298473,0.4910316062056317,0.08925935528423323,0.17463111364561407,0.6579750611881843,0.626922607421875,0.000286543701094,0.0004508208313087,0.000351704808953,0.0002602250089902,False,True,False
NBI,gas_637610748c3ab728,test,4,0,4,0,0,0.7522389143999163,0.08229399376031968,44.90620216640958,0.3680328983990632,0.2602550191330216,0.3717120824679151,0.15050658119551052,0.1097484379375111,0.4245363788360025,0.43646240234375,0.0006855653902195,0.00089014414263,0.0005011845140316,0.000217163341613,False,True,False
NBI,gas_ecb03379390103e6,test,4,0,4,0,0,0.7657244774875483,0.05915237367001535,41.01677525035502,0.27985580045072406,0.2571234242846774,0.46302077526459856,0.16330988134118285,0.09381354294349456,0.38280941074233693,0.375823974609375,0.0003236857437982,0.0006310337051636,0.0004016572685476,0.0003625121566733,False,True,False
NBI,gas_d87a608e680af548,test,4,1,4,0,0,0.43622452107675475,0.050929154339653025,51.10220947204082,0.28805986710743803,0.2520650224686394,0.4598751104239226,0.14640856524894305,0.10565645721969631,0.436593697829436,0.13446044921875,0.0007520296776159,0.0011198454763456,0.0008996437071046,0.0002203456426598,False,True,False
NBI,gas_c525cc5040683ec3,test,4,0,4,0,0,0.6735801206089012,0.0614766551899623,32.53181886451701,0.01776386585058481,0.24322615315869667,0.7390099809907185,0.032446622763969694,0.21077953039472697,0.8808421686193184,0.1115875244140625,0.0003275979669474,0.0005431617889594,0.0002906578177542,0.000138848728464,False,True,False
NBI,gas_2dfbfd0b28aca611,test,4,0,4,0,0,0.6555925815300935,0.03646882817389732,51.965996521968066,0.7540249713489148,0.23881117854087214,0.0071638501102130785,0.23292808588654068,0.005883092654331461,0.024646327745993728,0.3878021240234375,0.0005872911859875,0.0011215208383445,0.0006968317351794,0.0002966460439933,False,True,False
NBI,gas_bb2f30f4f0423c92,test,4,0,4,0,0,0.7172800996358624,0.05861887001940287,43.68452927939976,0.126903889097171,0.23729638619880888,0.6357997247040201,0.13903711131835036,0.0982592748804585,0.41800831514636305,0.2070465087890625,0.0012642014597202,0.0007777838804713,0.000448046235015,0.0002018478927132,False,True,False
NBI,gas_fb1eff37ac372a6b,test,4,0,4,0,0,0.8167871663900966,0.07359924564131362,47.30622636765695,0.007147141157356475,0.22486799065964513,0.7679848681829984,0.03865339413306839,0.18621459652657676,0.8282844945662086,0.4565887451171875,0.0002189451600955,0.0005933282941044,0.000377099696051,9.215911742304151e-05,False,True,False
NBI,gas_cb06954170400105,test,4,0,4,0,0,0.7609845237459699,0.03872516954730462,44.331250002404005,0.35620231419218756,0.21146298163861782,0.4323347041691946,0.1348870024633151,0.0765759791753027,0.3796732340438406,0.5226287841796875,0.0003517036818115,0.0015995609513842,0.0015163624947586,0.0009111031461971,False,True,False
NBI,gas_3926c0b84f0e8ff1,test,4,0,4,0,0,0.8081339200652808,0.057621995224869674,41.48167052556251,0.17244521396543475,0.20366797731451727,0.623886808720048,0.05890576630239534,0.14476221101212192,0.7111915266308442,0.688568115234375,0.0004747690738491,0.0006606852581895,0.0007863433179508,0.0005059094185551,False,True,False
NBI,gas_e583301bb1c36711,test,4,0,4,0,0,0.6192979921788858,0.06316104198731537,65.85224131951612,0.24370010894924526,0.19899084460256145,0.5573090464481933,0.10737388253160154,0.09161696207095991,0.4754424764844315,0.235137939453125,0.0013273315762962,0.0016254195359221,0.0006935804381087,0.0002663936956177,False,True,False
NBI,gas_37268,test,4,2,4,1,0,0.4535807465898392,0.0452857816879894,79.30199606853739,0.704299608015887,0.19829084679445722,0.09740954518965575,0.14620149396480264,0.05208935282965456,0.2517199153607024,0.302642822265625,0.0001024224996008,0.0003847150509853,0.0004190793619944,0.0001707918206982,False,True,False
NBI,gas_6083f65fa279a93b,test,4,2,4,0,0,0.40081790439771037,0.0471373458195158,61.17437962059817,0.7798147765259206,0.19259931532905905,0.02758590814502035,0.17278762246487306,0.01981169286418601,0.09477265913710242,0.2416229248046875,0.0010817941618716,0.0013015599797391,0.0004517295943311,0.0002449129049919,False,True,False
NBI,gas_8c676604309f635a,test,4,0,4,0,0,0.7606727609919197,0.04583769093919255,48.57260176136758,0.8082170623021305,0.1917829376978695,0.0,0.19176806825160767,1.486944626182121e-05,6.620762711864407e-05,0.86907958984375,0.0002808987565589,0.0005603921351955,0.0005072390119216,0.0006308538671966,False,True,False
NBI,gas_11cb07bb1b748e60,test,4,1,4,0,0,0.559946238049779,0.0236416179822371,53.399544399519485,0.7882032914528281,0.19044732924136487,0.02134937930580702,0.17381068193855082,0.01663664730281406,0.08995324316157313,0.359130859375,0.001498659289265,0.0013980341214765,0.0012360794810873,0.0006071928922385,False,True,False
NBI,gas_4c45177c57b20f13,test,4,0,4,0,0,0.775095112797082,0.056595098703181225,50.45641740475597,0.0,0.18773273467724294,0.8122672653227571,8.892078338701033e-05,0.18764381389385593,0.9995393610987928,0.5352630615234375,0.0010206533775983,0.0009534360489486,0.0005201732943668,0.0002125328649721,False,True,False
NBI,gas_af1a47323452e495,test,4,0,4,0,0,0.7240972805477043,0.07657082695163152,42.45096837938847,0.0,0.1801283345471832,0.8198716654528169,0.002354894512220162,0.17777344003496304,0.9881899083080778,0.2172698974609375,0.0011859619265646,0.0016710271903785,0.0004997644876252,0.0002775495853077,False,True,False
NBI,gas_9708ea8244c635a,test,4,2,4,3,0,0.4516208401562671,0.0439008022427281,122.62666407914402,0.36853322459516114,0.17071248955987392,0.4607542858449649,0.13985949329557584,0.03085299626429807,0.16008115548281765,0.1358184814453125,0.0006054475736629,0.0006901539255365,0.0004182646493835,0.0003168153046568,False,True,False
NBI,gas_34051,test,4,2,4,0,0,0.5188380081733115,0.05444561970633932,74.73629359461934,0.16093959886277637,0.16967488317169788,0.6693855179655257,0.06735415760578148,0.1023207255659164,0.5769956394323443,0.191162109375,6.703399311957955e-05,0.0002640112880253,0.0002104622837312,5.797877723162637e-05,False,True,False
NBI,gas_b964aea372dee549,test,4,0,4,0,0,0.6577635711159411,0.05113551146901217,55.62611494806754,1.5505799168889165e-05,0.1674058537114515,0.8325786404893796,0.0032658607354784323,0.16413999297597306,0.9810240173967566,0.2228546142578125,0.0010470250603933,0.0013418855346143,0.000506149900534,0.0003828127498333,False,True,False
NBI,gas_a1b3c5fce05ae64b,test,4,0,4,0,0,0.6169100924527738,0.053739983893359225,85.88924876725635,0.05652267412826824,0.16230753962301664,0.781169786248715,0.060142812024318745,0.10216472759869791,0.6328033468346687,0.13946533203125,0.0005617859323609,0.000296525231871,9.86471651287692e-05,9.825740370510128e-05,False,True,False
NBI,gas_2c20688b4848b320,test,4,3,4,2,0,0.40452876004835164,0.026693831928888325,79.9382289128701,0.0,0.16135924467260224,0.8386407553273978,0.0,0.16135924467260224,1.0,0.0446014404296875,0.0006727128491855,0.0011670750570932,0.0002246768566459,4.626682670164778e-05,False,True,False
NBI,gas_1a22e2c2a978c376,test,4,0,4,3,0,0.6318854059251648,0.0496706523456546,100.59007592140793,0.0683353525109139,0.15694968982952895,0.7747149576595571,0.054201492211178114,0.10274819761835084,0.6541848578111754,0.282318115234375,0.0008944023980162,0.0007393609776404,0.0007990388225941,0.0007223668305287,False,True,False
NBI,gas_4d151a64d910d80,test,4,0,4,0,0,0.65247267486521,0.06745440260846672,57.75485491523751,0.01048202082052981,0.1557000694395058,0.8338179097399644,0.036038287118049,0.11966178232145677,0.7717668732081105,0.3000030517578125,0.0004021203719211,0.0006577132557418,0.0004493329339455,0.0001677228853222,False,True,False
NBI,gas_872946e39faa6a36,test,4,3,3,4,0,0.2742598256029986,0.0691238205757686,129.33319319428875,0.2717605831512436,0.1527956461918375,0.575443770656919,0.11594688357443003,0.036848762617407466,0.1968051834163852,0.1016387939453125,0.0009113858411833,0.0010873513535213,0.0003248774000397,0.0001911646436216,False,False,True
NBI,gas_48c44f4367c1bd8f,test,4,0,4,0,0,0.6645803751412176,0.0793660251036365,69.5644764821271,0.015507173116679093,0.14309987740767052,0.8413929494756504,0.015070853526900966,0.12802902388076956,0.8917076490086019,0.3529815673828125,0.0003067004489958,0.0008847372753506,0.000865625826542,0.0003455129618203,False,True,False
NBI,gas_13be60855a9fb511,test,4,0,4,0,0,0.6512719978531081,0.03450510129301315,55.27259212027947,0.12896223643054028,0.14158251120252466,0.7294552523669351,0.051029449364331535,0.09055306183819312,0.6873531869326568,0.3032073974609375,0.0004475720816869,0.0006015164539717,0.0005337808718549,5.318223375406237e-05,False,True,False
NBI,gas_243e4bc2b4d0642f,test,4,0,4,0,0,0.6709587950987221,0.03399550054564307,72.2501219346555,0.0,0.13372196473293108,0.8662780352670689,0.0009066292610719623,0.13281533547185914,0.9933566313972206,0.2871551513671875,0.0004254324543173,0.0005138810802517,0.0002950911162492,0.0002359811113098,False,True,False
NBI,gas_c76443e2959241,test,4,0,4,0,0,0.5965175269419545,0.03833827084106935,62.04887698375704,0.0,0.13101616708679653,0.8689838329132035,0.0028616441221023955,0.12815452296469412,0.9801195991038637,0.196319580078125,0.0012496543105764,0.0015919085301226,0.0010494770499524,0.0008656024480928,False,True,False
NBI,gas_c734daf6e40c2ca5,test,4,1,4,0,0,0.5763359131210877,0.004348605879922574,66.48073675037588,0.0,0.12320759855942541,0.8767924014405746,0.0,0.12320759855942541,1.0,0.24432373046875,0.000328179536445,0.0003659640560738,0.000168176158309,0.0003817325600868,False,True,False
NBI,gas_adabb41367f870fe,test,4,0,4,0,0,0.6041249910949168,0.05900339127776988,62.99891713002852,0.0009123460538734568,0.12255095634439694,0.8765366976017296,0.005121553853379859,0.11742940249101708,0.9487343401830945,0.166595458984375,0.0013313970514104,0.0019338919716799,0.0002380990050961,0.0001650240438882,False,True,False
NBI,gas_2b714b06a60e137e,test,4,0,4,0,0,0.5278125126842665,0.0745145254634196,78.83073632343358,0.0011370387057777064,0.12245360253862222,0.8764093587556001,0.004473981638400031,0.11797962090022221,0.9633515426901325,0.320220947265625,0.0008345980618861,0.0016454959784068,0.0009002840281047,0.000320421603852,False,True,False
NBI,gas_d0dd34ddf755c8ea,test,4,4,4,1,0,0.1283956073119158,0.023822837976657324,93.80846757743822,0.6442248565771802,0.12161823220423976,0.2341569112185801,0.10121598253915479,0.020402249665084964,0.16815820860425643,0.2421112060546875,0.0005271401021697,0.0006301905826087,0.0002817699150965,0.0001781798792354,True,True,False
NBI,gas_33668,test,4,4,4,2,0,0.29583175824452745,0.04921936785566535,98.76801206275071,0.09896075967405639,0.11833826820952092,0.7827009721164226,0.06965894509520738,0.048679323114313534,0.4989863315011236,0.0508270263671875,7.344069133139307e-05,0.0003081264604747,0.0001030169719116,8.49383101343627e-05,True,True,False
NBI,gas_ac2ec86224241a0,test,4,0,0,4,0,0.6572528936169388,0.13744856372824638,137.45842537905267,0.0029553901302879714,0.11158497879503525,0.8854596310746767,0.023360742982371615,0.08822423581266363,0.79059421826678,0.2631683349609375,0.00058436063658,0.0007874643353534,0.000445306355997,0.0008253687025624,False,False,True
NBI,gas_28bfaabe0f12f98e,test,4,0,4,0,0,0.5559333145693955,0.0456116910457835,58.92072477625511,0.0,0.1099032202256919,0.8900967797743081,3.683517409093817e-05,0.10986638505160097,0.9996948518463371,0.149749755859375,0.0002666693054249,0.0003878676166359,0.0001586402451064,0.0001841571124728,False,True,False
NBI,gas_1fec79e817fdab12,test,4,4,4,0,0,0.19469222617465462,0.027017163465753773,89.86313447669602,0.4046017691588979,0.10008964660338189,0.49530858423772023,0.08779578278107376,0.01229386382230813,0.10707815452455953,0.189422607421875,0.0005054227473466,0.000377018647134,0.0005537531364071,0.0006934341066596,True,True,False
NBI,gas_7a4663a14193823,test,4,3,4,2,0,0.45972544479238486,0.015130118837193325,96.98151150906456,0.0015001224589762429,0.09578416848644516,0.9027157090545785,0.003052375075281854,0.0927317934111633,0.9721031265392118,0.130706787109375,0.000929762402323,0.0008321531955008,0.0003372635719998,0.0001494757886055,False,True,False
NBI,gas_358df89f502b5e42,test,4,3,4,1,0,0.3909051383643708,0.022905716086785474,91.98778838992138,0.017335865992542956,0.09475689729552994,0.8879072367119271,0.019436819380348823,0.07532007791518112,0.8387473149330896,0.09442138671875,0.0001530559564509,0.0003720818637527,0.0001924284806619,0.0001621477612022,False,True,False
NBI,gas_1cdd8d6c9e7e29dc,test,4,0,4,0,0,0.6304243046583864,0.0770980220759884,80.17330255378069,0.0,0.09427285563219732,0.9057271443678027,0.003603259026964397,0.09066959660523292,0.9618946531195016,0.379913330078125,0.0001318766872877,0.0002067699018556,0.0001649370990614,0.0001037458472303,False,True,False
NBI,gas_8922bbe70906715,test,4,1,4,3,0,0.526318536817409,0.04898539872428917,106.04526387347546,0.0997475870741548,0.08924296887894989,0.8110094440468953,0.04221231872809075,0.047030650150859124,0.5273192163106655,0.30255126953125,0.0002731848480938,0.0007951817553485,0.0005380514946732,8.70513863731701e-05,False,True,False
NBI,gas_38b7b03e6f779fcd,test,4,4,4,3,0,0.34677659256492893,0.03518822014525315,118.5058388561508,0.07273052703002407,0.08241128879857736,0.8448581841713986,0.038729602665958936,0.04368168613261842,0.5030468485068131,0.1149139404296875,0.0008188417099433,0.0006433996006641,0.0002677790274685,0.0001677091237594,True,True,False
NBI,gas_2ff8e2db3424fdfb,test,4,3,4,3,0,0.43634675542950346,0.05825688175281225,105.04690561737313,0.009616393031437877,0.08039242063781099,0.9099911863307512,0.028612109148821493,0.0517803114889895,0.6527186447047341,0.1127166748046875,0.00064196959066,0.0016222645275878,0.0005451947340742,0.000362170729318,False,True,False
NBI,gas_2acd4e36da4c7150,test,4,4,4,3,0,0.3177373748685393,0.049667236605534404,126.4165641288983,0.05750261593256534,0.07625739991820384,0.8662399841492309,0.040522353692511795,0.03573504622569204,0.5199022267491704,0.119140625,0.0006262454799288,0.0014432095179634,0.0005272401365089,0.0003882097070419,True,True,False
NBI,gas_d7ae605323711791,test,4,4,4,3,0,0.270157624399179,0.02341159334362125,107.17973875449526,0.0,0.07507360319228966,0.9249263968077104,7.731182948598373e-05,0.07499629136280367,0.9990659909314101,0.03076171875,0.0013544746996714,0.0022405369274428,0.0004685431656126,0.0004196400373217,True,True,False
NBI,gas_2875eb2cb8b326d7,test,4,4,4,3,0,0.2775217838156878,0.0,99.50532838845311,0.0,0.05631083819363235,0.9436891618063676,0.0,0.05631083819363235,1.0,0.0991973876953125,0.0004530757317297,0.000575410382873,0.0002984372687833,4.964551111419574e-05,True,True,False
NBI,gas_8a3ca5702e6b303f,test,4,4,4,2,0,0.29328876731936226,0.0,105.72496988148302,0.0,0.05383753548618253,0.9461624645138175,0.0,0.05383753548618253,1.0,0.105621337890625,0.0001043748561557,0.0001817784614798,9.4576684351105e-05,6.469371310710044e-05,True,True,False
NBI,gas_b2c81bd5a9bcb333,test,4,4,4,3,0,0.28105906116772555,0.0,116.97879168119738,0.0,0.052734763210792214,0.9472652367892078,0.0,0.052734763210792214,1.0,0.082122802734375,0.0002616113169908,0.0005379191010724,0.0004703144472862,0.0001652943170303,True,True,False
NBI,gas_ef162dab0f6e54b6,test,4,4,0,4,0,0.3460778444973629,0.11947391536561333,152.83241981644898,0.01744458178161897,0.036209696723465,0.946345721494916,0.005718370652149164,0.030491326071315838,0.8469847505266634,0.1928253173828125,0.0005525989269654,0.0017647168799353,0.0011038782747731,0.0004018087286788,True,False,True
