model,modal,frequency_metric,error_metric,n,spearman,pearson
swin_unet,WL,scale,interior_FN,420,0.24394189976472136,0.10891072718496482
swin_unet,WL,scale,boundary_FN,420,0.2572914750525195,0.23178641415205553
swin_unet,WL,scale,boundary_FP,420,-0.28583552221428055,-0.3147080870406103
swin_unet,WL,scale,exterior_FP,420,-0.08601521010311239,0.009659752689382814
swin_unet,WL,scale,interior_error_ratio,420,0.4473165383198839,0.4736846547300286
swin_unet,WL,scale,boundary_error_ratio,420,-0.04893154311075032,-0.057005246590604755
swin_unet,WL,scale,exterior_error_ratio,420,-0.38088525343728813,-0.3899841795520208
swin_unet,WL,scale,boundary_FN_error_ratio,420,0.23992480484711656,0.18426282992335183
swin_unet,WL,scale,boundary_FP_error_ratio,420,-0.22689193027704532,-0.22664090734762146
swin_unet,WL,scale,boundary_fp_fn_balance,420,-0.3582369037498731,-0.3778176414749085
swin_unet,WL,global_hfr,interior_FN,420,0.028409607085594608,0.010932430271057635
swin_unet,WL,global_hfr,boundary_FN,420,0.05119007860016483,0.055556643904979906
swin_unet,WL,global_hfr,boundary_FP,420,-0.0715290320308144,-0.10815706014612107
swin_unet,WL,global_hfr,exterior_FP,420,-0.07458376347109612,-0.12054399952050605
swin_unet,WL,global_hfr,interior_error_ratio,420,-0.006207613624761465,0.017425772591967436
swin_unet,WL,global_hfr,boundary_error_ratio,420,0.0892814784670372,0.05353868742145547
swin_unet,WL,global_hfr,exterior_error_ratio,420,0.0020758337558458165,-0.05658723143310025
swin_unet,WL,global_hfr,boundary_FN_error_ratio,420,0.09056876689491303,0.09514678516750873
swin_unet,WL,global_hfr,boundary_FP_error_ratio,420,0.032764414903620205,-0.021247253392109967
swin_unet,WL,global_hfr,boundary_fp_fn_balance,420,-0.037384327331242174,-0.0771524223082482
swin_unet,WL,boundary_hfr,interior_FN,420,0.1565298658554353,0.05767886778212887
swin_unet,WL,boundary_hfr,boundary_FN,420,0.1738733913719439,0.13150868386135423
swin_unet,WL,boundary_hfr,boundary_FP,420,-0.24018232606711176,-0.2366273958664276
swin_unet,WL,boundary_hfr,exterior_FP,420,-0.16807804718369646,-0.12324083848036191
swin_unet,WL,boundary_hfr,interior_error_ratio,420,0.2281118309597602,0.177214257985118
swin_unet,WL,boundary_hfr,boundary_error_ratio,420,0.05530710625469915,0.07844919044144594
swin_unet,WL,boundary_hfr,exterior_error_ratio,420,-0.22451077739918118,-0.22165367484136161
swin_unet,WL,boundary_hfr,boundary_FN_error_ratio,420,0.23027287114958667,0.19988086019727652
swin_unet,WL,boundary_hfr,boundary_FP_error_ratio,420,-0.10926646651131448,-0.08391013478064872
swin_unet,WL,boundary_hfr,boundary_fp_fn_balance,420,-0.24223647222687994,-0.22063111581403885
swin_unet,WL,boundary_freq_std,interior_FN,420,0.23012973759915484,0.10014372914618866
swin_unet,WL,boundary_freq_std,boundary_FN,420,0.24991682595691428,0.18904132005496185
swin_unet,WL,boundary_freq_std,boundary_FP,420,-0.2904653346746543,-0.25616329057485254
swin_unet,WL,boundary_freq_std,exterior_FP,420,-0.1643184933203874,-0.1078951079093412
swin_unet,WL,boundary_freq_std,interior_error_ratio,420,0.32356494874829766,0.23546958610920155
swin_unet,WL,boundary_freq_std,boundary_error_ratio,420,0.011469781360027017,0.01343563902978001
swin_unet,WL,boundary_freq_std,exterior_error_ratio,420,-0.27029349326821517,-0.22557746495402387
swin_unet,WL,boundary_freq_std,boundary_FN_error_ratio,420,0.2778590802983157,0.20514282841109888
swin_unet,WL,boundary_freq_std,boundary_FP_error_ratio,420,-0.1954219892093981,-0.16355215887210142
swin_unet,WL,boundary_freq_std,boundary_fp_fn_balance,420,-0.32403775477320423,-0.272181806340516
swin_unet,WL,boundary_freq_gap,interior_FN,420,0.2247415768890854,0.13616725556240097
swin_unet,WL,boundary_freq_gap,boundary_FN,420,0.23126873046746946,0.17637907129878566
swin_unet,WL,boundary_freq_gap,boundary_FP,420,-0.3016368260125557,-0.29754841555861145
swin_unet,WL,boundary_freq_gap,exterior_FP,420,-0.22157406194075274,-0.1389815390022287
swin_unet,WL,boundary_freq_gap,interior_error_ratio,420,0.3499695858913677,0.3356372247085064
swin_unet,WL,boundary_freq_gap,boundary_error_ratio,420,0.005931927834029281,0.02139463066419962
swin_unet,WL,boundary_freq_gap,exterior_error_ratio,420,-0.34208192607383503,-0.3232404116556434
swin_unet,WL,boundary_freq_gap,boundary_FN_error_ratio,420,0.2583497671375025,0.20287072892315502
swin_unet,WL,boundary_freq_gap,boundary_FP_error_ratio,420,-0.20604024860421788,-0.1523813841832921
swin_unet,WL,boundary_freq_gap,boundary_fp_fn_balance,420,-0.3306964592052139,-0.31725606648333826
swin_unet,NBI,scale,interior_FN,420,-0.03705197921787055,-0.07262328601468591
swin_unet,NBI,scale,boundary_FN,420,-0.00871975923229473,-0.013099938508818467
swin_unet,NBI,scale,boundary_FP,420,-0.13360192982009417,-0.15885831891490945
swin_unet,NBI,scale,exterior_FP,420,0.031260827591073286,0.058314355982813
swin_unet,NBI,scale,interior_error_ratio,420,0.19828885603545549,0.21103678506956208
swin_unet,NBI,scale,boundary_error_ratio,420,0.0018408758749900252,0.08801745448163947
swin_unet,NBI,scale,exterior_error_ratio,420,-0.23734203013183022,-0.2439402282302902
swin_unet,NBI,scale,boundary_FN_error_ratio,420,0.07141204740206065,0.07794377554386928
swin_unet,NBI,scale,boundary_FP_error_ratio,420,-0.0638712629731521,0.04353010889036862
swin_unet,NBI,scale,boundary_fp_fn_balance,420,-0.15184482406288122,-0.15196537504061072
swin_unet,NBI,global_hfr,interior_FN,420,0.1295791457182471,0.07484238389010936
swin_unet,NBI,global_hfr,boundary_FN,420,0.13113602770633612,0.12359310483755286
swin_unet,NBI,global_hfr,boundary_FP,420,-0.12465771485588704,-0.11989614713270995
swin_unet,NBI,global_hfr,exterior_FP,420,-0.11312535850201046,-0.11353816500468976
swin_unet,NBI,global_hfr,interior_error_ratio,420,0.10156156155913801,0.07080559451115626
swin_unet,NBI,global_hfr,boundary_error_ratio,420,0.0803396326897932,0.053384969721136585
swin_unet,NBI,global_hfr,exterior_error_ratio,420,-0.08190491855024329,-0.09938940348971746
swin_unet,NBI,global_hfr,boundary_FN_error_ratio,420,0.1344211366918097,0.11377440679322715
swin_unet,NBI,global_hfr,boundary_FP_error_ratio,420,-0.0015262511801639221,-0.03991135459668236
swin_unet,NBI,global_hfr,boundary_fp_fn_balance,420,-0.10397924196248096,-0.10370123058583935
swin_unet,NBI,boundary_hfr,interior_FN,420,0.06656514186210315,0.02362255692605156
swin_unet,NBI,boundary_hfr,boundary_FN,420,0.06760092338841071,0.04832535537872248
swin_unet,NBI,boundary_hfr,boundary_FP,420,-0.08446348575165208,-0.0633332019095167
swin_unet,NBI,boundary_hfr,exterior_FP,420,-0.042997600822091954,-0.00874901789676297
swin_unet,NBI,boundary_hfr,interior_error_ratio,420,0.07449189940293997,0.03504601098380793
swin_unet,NBI,boundary_hfr,boundary_error_ratio,420,0.045826473882906296,-0.0034726435355910998
swin_unet,NBI,boundary_hfr,exterior_error_ratio,420,-0.05024025633859099,-0.02720568118541577
swin_unet,NBI,boundary_hfr,boundary_FN_error_ratio,420,0.10245678994755351,0.048229769731450364
swin_unet,NBI,boundary_hfr,boundary_FP_error_ratio,420,-0.004869005277184301,-0.05287901787151466
swin_unet,NBI,boundary_hfr,boundary_fp_fn_balance,420,-0.07854764959879762,-0.0577240017064172
swin_unet,NBI,boundary_freq_std,interior_FN,420,0.0630552075039222,0.02878771643846166
swin_unet,NBI,boundary_freq_std,boundary_FN,420,0.06576683438177218,0.0660888702860257
swin_unet,NBI,boundary_freq_std,boundary_FP,420,-0.100110528987932,-0.0994028353994605
swin_unet,NBI,boundary_freq_std,exterior_FP,420,0.006659928032100604,0.10386805455325811
swin_unet,NBI,boundary_freq_std,interior_error_ratio,420,0.12579247070910735,0.1013786558326847
swin_unet,NBI,boundary_freq_std,boundary_error_ratio,420,-0.021275958201246677,-0.03461353091832097
swin_unet,NBI,boundary_freq_std,exterior_error_ratio,420,-0.08985842699302075,-0.060629178418083796
swin_unet,NBI,boundary_freq_std,boundary_FN_error_ratio,420,0.08059090592829234,0.06052730350038099
swin_unet,NBI,boundary_freq_std,boundary_FP_error_ratio,420,-0.08560158640736844,-0.10804300228333737
swin_unet,NBI,boundary_freq_std,boundary_fp_fn_balance,420,-0.11588485277630524,-0.11449956102208741
swin_unet,NBI,boundary_freq_gap,interior_FN,420,0.002735500442852762,-0.04384579456419543
swin_unet,NBI,boundary_freq_gap,boundary_FN,420,0.04496073173261319,0.04785129695898643
swin_unet,NBI,boundary_freq_gap,boundary_FP,420,-0.1995600544620627,-0.20215316107736744
swin_unet,NBI,boundary_freq_gap,exterior_FP,420,-0.18294821006707532,-0.104630585557116
swin_unet,NBI,boundary_freq_gap,interior_error_ratio,420,0.12202387786564314,0.0995593548833861
swin_unet,NBI,boundary_freq_gap,boundary_error_ratio,420,0.16766634855661833,0.1957896863941919
swin_unet,NBI,boundary_freq_gap,exterior_error_ratio,420,-0.2506806707202528,-0.2285427997368586
swin_unet,NBI,boundary_freq_gap,boundary_FN_error_ratio,420,0.2260102593098002,0.2500596452502827
swin_unet,NBI,boundary_freq_gap,boundary_FP_error_ratio,420,0.011882828354191445,0.02036621485508862
swin_unet,NBI,boundary_freq_gap,boundary_fp_fn_balance,420,-0.1714049836469249,-0.18316734758954428
unet,WL,scale,interior_FN,420,0.29052860045461915,0.12020567608827684
unet,WL,scale,boundary_FN,420,0.337277947445731,0.31938981061316596
unet,WL,scale,boundary_FP,420,-0.36010889603215485,-0.38630453107430385
unet,WL,scale,exterior_FP,420,-0.14005582446899753,-0.030141609257911286
unet,WL,scale,interior_error_ratio,420,0.58301599059833,0.6013220090102902
unet,WL,scale,boundary_error_ratio,420,0.07077429458922653,-0.0005940521463505329
unet,WL,scale,exterior_error_ratio,420,-0.5180027533777767,-0.5202184285993288
unet,WL,scale,boundary_FN_error_ratio,420,0.34619793838191115,0.23630477690972673
unet,WL,scale,boundary_FP_error_ratio,420,-0.2179743309693338,-0.23637448403466046
unet,WL,scale,boundary_fp_fn_balance,420,-0.42757143892374494,-0.4510589373430537
unet,WL,global_hfr,interior_FN,420,-0.03631062780746898,-0.02469224933302554
unet,WL,global_hfr,boundary_FN,420,-0.042440093631895576,-0.039672960967284135
unet,WL,global_hfr,boundary_FP,420,0.014498840518737347,0.01132848403729148
unet,WL,global_hfr,exterior_FP,420,-0.10230124897522486,-0.07788531232989887
unet,WL,global_hfr,interior_error_ratio,420,-0.05790012244663137,-0.07100609572368284
unet,WL,global_hfr,boundary_error_ratio,420,0.1072696395266251,0.074451313359918
unet,WL,global_hfr,exterior_error_ratio,420,0.018503323809036857,0.014145506001356061
unet,WL,global_hfr,boundary_FN_error_ratio,420,0.049879628986751696,0.004535876315729786
unet,WL,global_hfr,boundary_FP_error_ratio,420,0.11556860410133182,0.08937914448795498
unet,WL,global_hfr,boundary_fp_fn_balance,420,0.0428780029495053,0.034935189703866505
unet,WL,boundary_hfr,interior_FN,420,0.14472912741747315,0.023113759307220132
unet,WL,boundary_hfr,boundary_FN,420,0.1573298505247819,0.09157730259724729
unet,WL,boundary_hfr,boundary_FP,420,-0.2048032086407327,-0.16030979136291995
unet,WL,boundary_hfr,exterior_FP,420,-0.15058934357562676,-0.10253530928322631
unet,WL,boundary_hfr,interior_error_ratio,420,0.2524802987118013,0.1671026116093987
unet,WL,boundary_hfr,boundary_error_ratio,420,0.04718377898157829,0.05650206975618032
unet,WL,boundary_hfr,exterior_error_ratio,420,-0.20866993030643052,-0.18058750065702386
unet,WL,boundary_hfr,boundary_FN_error_ratio,420,0.22459536283313972,0.141917274058532
unet,WL,boundary_hfr,boundary_FP_error_ratio,420,-0.10672521014707703,-0.0702457303552885
unet,WL,boundary_hfr,boundary_fp_fn_balance,420,-0.22610540417051442,-0.17200333385739677
unet,WL,boundary_freq_std,interior_FN,420,0.24319748937641092,0.08046197786424886
unet,WL,boundary_freq_std,boundary_FN,420,0.2694605712825188,0.1781075876045672
unet,WL,boundary_freq_std,boundary_FP,420,-0.27543310336782123,-0.20301222153969567
unet,WL,boundary_freq_std,exterior_FP,420,-0.14251948386046662,-0.09759717828989671
unet,WL,boundary_freq_std,interior_error_ratio,420,0.3707792312137208,0.2533453264057451
unet,WL,boundary_freq_std,boundary_error_ratio,420,0.012490514604472164,-0.010151858164317885
unet,WL,boundary_freq_std,exterior_error_ratio,420,-0.27167306499952015,-0.21288089433174132
unet,WL,boundary_freq_std,boundary_FN_error_ratio,420,0.27706354343768197,0.13511456667854368
unet,WL,boundary_freq_std,boundary_FP_error_ratio,420,-0.1998544188193721,-0.14753008311604057
unet,WL,boundary_freq_std,boundary_fp_fn_balance,420,-0.32489976470045545,-0.23916934787142638
unet,WL,boundary_freq_gap,interior_FN,420,0.23369266837298655,0.13148645217120364
unet,WL,boundary_freq_gap,boundary_FN,420,0.25016100539746594,0.21638654528180817
unet,WL,boundary_freq_gap,boundary_FP,420,-0.28483789676192683,-0.2996379963486298
unet,WL,boundary_freq_gap,exterior_FP,420,-0.20347212427788763,-0.14352026723622943
unet,WL,boundary_freq_gap,interior_error_ratio,420,0.39997547794788,0.40379808482244806
unet,WL,boundary_freq_gap,boundary_error_ratio,420,0.021654641709177167,0.0023818483457357592
unet,WL,boundary_freq_gap,exterior_error_ratio,420,-0.3573879080888469,-0.351103347312113
unet,WL,boundary_freq_gap,boundary_FN_error_ratio,420,0.27134252202848586,0.20107388978763982
unet,WL,boundary_freq_gap,boundary_FP_error_ratio,420,-0.21012835703173116,-0.19749154579932382
unet,WL,boundary_freq_gap,boundary_fp_fn_balance,420,-0.33291093253080994,-0.33811141619185425
unet,NBI,scale,interior_FN,420,-0.046874587019067264,-0.20350079565060444
unet,NBI,scale,boundary_FN,420,0.024838052368907158,-0.03149773841366458
unet,NBI,scale,boundary_FP,420,-0.16422282877702682,-0.19544737382779223
unet,NBI,scale,exterior_FP,420,-0.01231951852407382,0.009970915012092369
unet,NBI,scale,interior_error_ratio,420,0.18580890676121434,0.1988717502235628
unet,NBI,scale,boundary_error_ratio,420,0.22119948640769788,0.27242229980512594
unet,NBI,scale,exterior_error_ratio,420,-0.2967372161105522,-0.3258751260486457
unet,NBI,scale,boundary_FN_error_ratio,420,0.25056827907429885,0.25676143835175824
unet,NBI,scale,boundary_FP_error_ratio,420,0.07170200692252668,0.09768509275700339
unet,NBI,scale,boundary_fp_fn_balance,420,-0.189922779223111,-0.20417891399687138
unet,NBI,global_hfr,interior_FN,420,0.051334535101498206,0.02163534982033345
unet,NBI,global_hfr,boundary_FN,420,0.03902705533945935,0.05134092320257254
unet,NBI,global_hfr,boundary_FP,420,-0.04211171215839532,-0.03200479785083947
unet,NBI,global_hfr,exterior_FP,420,-0.048253784954950855,-0.07883211222313997
unet,NBI,global_hfr,interior_error_ratio,420,0.021182432581476396,0.023546190742285384
unet,NBI,global_hfr,boundary_error_ratio,420,0.025189651251611125,-0.009770533607327493
unet,NBI,global_hfr,exterior_error_ratio,420,-0.006501766983407214,-0.010138872527251083
unet,NBI,global_hfr,boundary_FN_error_ratio,420,0.01774791680668692,-0.01194811182463757
unet,NBI,global_hfr,boundary_FP_error_ratio,420,0.03229242189725595,-0.00032543890587962673
unet,NBI,global_hfr,boundary_fp_fn_balance,420,-0.005378709056200054,-0.005862094146203024
unet,NBI,boundary_hfr,interior_FN,420,-0.01052767167625964,-0.03958261499998444
unet,NBI,boundary_hfr,boundary_FN,420,0.0009798674854263809,-0.010843430947035921
unet,NBI,boundary_hfr,boundary_FP,420,-0.018714444850796697,0.005317015450499106
unet,NBI,boundary_hfr,exterior_FP,420,0.021286937773727775,0.023127685462431286
unet,NBI,boundary_hfr,interior_error_ratio,420,-0.009784488341219299,-0.008576885730802411
unet,NBI,boundary_hfr,boundary_error_ratio,420,0.0020520041905006518,-0.04597850982230661
unet,NBI,boundary_hfr,exterior_error_ratio,420,0.014124735053416396,0.037222311869129006
unet,NBI,boundary_hfr,boundary_FN_error_ratio,420,0.01777375180769691,-0.03350040625467831
unet,NBI,boundary_hfr,boundary_FP_error_ratio,420,0.007710048155920736,-0.02789737342641731
unet,NBI,boundary_hfr,boundary_fp_fn_balance,420,-0.005828676043826873,0.015429977244521829
unet,NBI,boundary_freq_std,interior_FN,420,0.03952458758348954,-0.04672930255450577
unet,NBI,boundary_freq_std,boundary_FN,420,0.06110124506011978,0.03651238650301808
unet,NBI,boundary_freq_std,boundary_FP,420,-0.08620400481250252,-0.07720382185628961
unet,NBI,boundary_freq_std,exterior_FP,420,0.0354431144303244,0.07114549068779603
unet,NBI,boundary_freq_std,interior_error_ratio,420,0.09247908347098432,0.06796600931719712
unet,NBI,boundary_freq_std,boundary_error_ratio,420,0.02824652038787435,0.018572986606729368
unet,NBI,boundary_freq_std,exterior_error_ratio,420,-0.08052956304016651,-0.06092559751928248
unet,NBI,boundary_freq_std,boundary_FN_error_ratio,420,0.10123716453768701,0.054374768738511256
unet,NBI,boundary_freq_std,boundary_FP_error_ratio,420,-0.03902157550925987,-0.03611588857957423
unet,NBI,boundary_freq_std,boundary_fp_fn_balance,420,-0.107554096204467,-0.08649899842998994
unet,NBI,boundary_freq_gap,interior_FN,420,0.03030878898464137,-0.05354101710962971
unet,NBI,boundary_freq_gap,boundary_FN,420,0.1072270147423011,0.09862393945221985
unet,NBI,boundary_freq_gap,boundary_FP,420,-0.23716074683270014,-0.24189064790273643
unet,NBI,boundary_freq_gap,exterior_FP,420,-0.2346175670710618,-0.174014808949528
unet,NBI,boundary_freq_gap,interior_error_ratio,420,0.1540561322666868,0.1735631288086411
unet,NBI,boundary_freq_gap,boundary_error_ratio,420,0.2459904204170967,0.23360884322428566
unet,NBI,boundary_freq_gap,exterior_error_ratio,420,-0.2912782532639741,-0.28159859987825037
unet,NBI,boundary_freq_gap,boundary_FN_error_ratio,420,0.2836478212612969,0.2862127329501655
unet,NBI,boundary_freq_gap,boundary_FP_error_ratio,420,0.044622360257294776,0.007155718821846987
unet,NBI,boundary_freq_gap,boundary_fp_fn_balance,420,-0.2202112197470128,-0.2380755035987348
unetpp,WL,scale,interior_FN,420,0.14159331574868436,-0.00742918976446322
unetpp,WL,scale,boundary_FN,420,0.18122454604158594,0.17721039169042455
unetpp,WL,scale,boundary_FP,420,-0.20531141567688668,-0.24979175705984816
unetpp,WL,scale,exterior_FP,420,-0.051880141873339225,0.054704477245642404
unetpp,WL,scale,interior_error_ratio,420,0.4214604337868385,0.440717873424201
unetpp,WL,scale,boundary_error_ratio,420,-0.04419153834657061,-0.05905132425574359
unetpp,WL,scale,exterior_error_ratio,420,-0.34777737153494254,-0.36503030896432004
unetpp,WL,scale,boundary_FN_error_ratio,420,0.13866820650365377,0.089196342977073
unetpp,WL,scale,boundary_FP_error_ratio,420,-0.15878651546662997,-0.1658693130618843
unetpp,WL,scale,boundary_fp_fn_balance,420,-0.2734770784169855,-0.3107889617285491
unetpp,WL,global_hfr,interior_FN,420,0.03837374591146996,0.017879568462320278
unetpp,WL,global_hfr,boundary_FN,420,0.06359645465955317,0.06123945718415368
unetpp,WL,global_hfr,boundary_FP,420,-0.09131987832518636,-0.09710800893601317
unetpp,WL,global_hfr,exterior_FP,420,-0.19143709983168833,-0.15724422606057614
unetpp,WL,global_hfr,interior_error_ratio,420,0.020428954845205533,0.015922927897806277
unetpp,WL,global_hfr,boundary_error_ratio,420,0.17310431788971917,0.13941149627470892
unetpp,WL,global_hfr,exterior_error_ratio,420,-0.08877818919305103,-0.10690628947512168
unetpp,WL,global_hfr,boundary_FN_error_ratio,420,0.1690376253408095,0.13675668680478362
unetpp,WL,global_hfr,boundary_FP_error_ratio,420,0.051051120783119915,0.035913339139354565
unetpp,WL,global_hfr,boundary_fp_fn_balance,420,-0.05469048909001965,-0.06840792131316793
unetpp,WL,boundary_hfr,interior_FN,420,0.014566101577987095,-0.036919698932257744
unetpp,WL,boundary_hfr,boundary_FN,420,0.05377076977683111,0.04734193913359479
unetpp,WL,boundary_hfr,boundary_FP,420,-0.11074667054328424,-0.12004441490279341
unetpp,WL,boundary_hfr,exterior_FP,420,-0.1311628767758029,-0.09122541131674966
unetpp,WL,boundary_hfr,interior_error_ratio,420,0.12067881403050587,0.08405573960411705
unetpp,WL,boundary_hfr,boundary_error_ratio,420,0.09741551822856138,0.11832626074964211
unetpp,WL,boundary_hfr,exterior_error_ratio,420,-0.1678662471506887,-0.15542189949287344
unetpp,WL,boundary_hfr,boundary_FN_error_ratio,420,0.15573236514131025,0.16016512588556986
unetpp,WL,boundary_hfr,boundary_FP_error_ratio,420,-0.030948452179203417,-0.01466967436748026
unetpp,WL,boundary_hfr,boundary_fp_fn_balance,420,-0.12625596517357013,-0.1262126773128533
unetpp,WL,boundary_freq_std,interior_FN,420,0.07461160374687044,-0.019633076223502556
unetpp,WL,boundary_freq_std,boundary_FN,420,0.11951856706624013,0.08969696639430813
unetpp,WL,boundary_freq_std,boundary_FP,420,-0.1502204097691873,-0.13541038316592935
unetpp,WL,boundary_freq_std,exterior_FP,420,-0.1101769787918375,-0.07968884786372313
unetpp,WL,boundary_freq_std,interior_error_ratio,420,0.20887895290162792,0.14648466705509358
unetpp,WL,boundary_freq_std,boundary_error_ratio,420,0.029540497881021352,0.04233799411984789
unetpp,WL,boundary_freq_std,exterior_error_ratio,420,-0.19733979446196634,-0.1623554969125254
unetpp,WL,boundary_freq_std,boundary_FN_error_ratio,420,0.15767360981220924,0.12451532208232581
unetpp,WL,boundary_freq_std,boundary_FP_error_ratio,420,-0.10403746135795308,-0.0740704191444391
unetpp,WL,boundary_freq_std,boundary_fp_fn_balance,420,-0.19042806991396666,-0.16200065975650027
unetpp,WL,boundary_freq_gap,interior_FN,420,0.09097007086151362,0.05077018977321735
unetpp,WL,boundary_freq_gap,boundary_FN,420,0.12331151920924073,0.14648112394138996
unetpp,WL,boundary_freq_gap,boundary_FP,420,-0.18658875850965798,-0.24096322661239877
unetpp,WL,boundary_freq_gap,exterior_FP,420,-0.17459845791435918,-0.1254317649519944
unetpp,WL,boundary_freq_gap,interior_error_ratio,420,0.25432967224577513,0.2907105738354593
unetpp,WL,boundary_freq_gap,boundary_error_ratio,420,0.04883263834505054,0.059009982913342265
unetpp,WL,boundary_freq_gap,exterior_error_ratio,420,-0.2904780152354235,-0.3056461208961411
unetpp,WL,boundary_freq_gap,boundary_FN_error_ratio,420,0.16865067218947216,0.17412585199158176
unetpp,WL,boundary_freq_gap,boundary_FP_error_ratio,420,-0.11726116629779601,-0.10383049252357242
unetpp,WL,boundary_freq_gap,boundary_fp_fn_balance,420,-0.22028017144516934,-0.26671541128753923
unetpp,NBI,scale,interior_FN,420,-0.10290611800767976,-0.21717021324702251
unetpp,NBI,scale,boundary_FN,420,-0.01971345881585423,-0.039408497209607235
unetpp,NBI,scale,boundary_FP,420,-0.10736993144189103,-0.1616773398972909
unetpp,NBI,scale,exterior_FP,420,0.009304540206770228,0.014834148390558593
unetpp,NBI,scale,interior_error_ratio,420,0.18936186385185708,0.19562595725610013
unetpp,NBI,scale,boundary_error_ratio,420,0.08194152087702515,0.13161946922292894
unetpp,NBI,scale,exterior_error_ratio,420,-0.21322954702460367,-0.25248618413969637
unetpp,NBI,scale,boundary_FN_error_ratio,420,0.1400452651852825,0.1828011985382665
unetpp,NBI,scale,boundary_FP_error_ratio,420,-0.0043376590499128115,-0.026182821393555523
unetpp,NBI,scale,boundary_fp_fn_balance,420,-0.14972906084829588,-0.19452833746936182
unetpp,NBI,global_hfr,interior_FN,420,0.03406043216310532,0.02551475557851267
unetpp,NBI,global_hfr,boundary_FN,420,0.059021968180049886,0.07145486714451901
unetpp,NBI,global_hfr,boundary_FP,420,-0.054816205518605755,-0.03861884468190503
unetpp,NBI,global_hfr,exterior_FP,420,-0.04036718758284934,-0.05623157252396844
unetpp,NBI,global_hfr,interior_error_ratio,420,0.012289158351414147,0.02316074367503473
unetpp,NBI,global_hfr,boundary_error_ratio,420,0.024267874221342148,-0.017331075135144657
unetpp,NBI,global_hfr,exterior_error_ratio,420,-0.011720176474694534,-0.007416814276012782
unetpp,NBI,global_hfr,boundary_FN_error_ratio,420,0.056943600621531316,0.030556395908301785
unetpp,NBI,global_hfr,boundary_FP_error_ratio,420,-0.027740151931369757,-0.0656616792998528
unetpp,NBI,global_hfr,boundary_fp_fn_balance,420,-0.03636274552041,-0.03198957778056278
unetpp,NBI,boundary_hfr,interior_FN,420,-0.05588833449929157,-0.06316574064780413
unetpp,NBI,boundary_hfr,boundary_FN,420,-0.02785600095931822,-0.032075430850975466
unetpp,NBI,boundary_hfr,boundary_FP,420,0.006900618744773955,0.03090160558853641
unetpp,NBI,boundary_hfr,exterior_FP,420,0.054545053484674866,0.06704031875512692
unetpp,NBI,boundary_hfr,interior_error_ratio,420,-0.048672995874556264,-0.04986999840248278
unetpp,NBI,boundary_hfr,boundary_error_ratio,420,-0.016120516399125876,-0.058926559434416464
unetpp,NBI,boundary_hfr,exterior_error_ratio,420,0.05485370563509939,0.08169176030856569
unetpp,NBI,boundary_hfr,boundary_FN_error_ratio,420,0.016424652544255812,-0.020867685394035544
unetpp,NBI,boundary_hfr,boundary_FP_error_ratio,420,-0.012609572273462996,-0.06541594749174756
unetpp,NBI,boundary_hfr,boundary_fp_fn_balance,420,0.009377750456704206,0.026064346430974775
unetpp,NBI,boundary_freq_std,interior_FN,420,-0.02836050293028731,-0.08209436348349877
unetpp,NBI,boundary_freq_std,boundary_FN,420,0.005387897174171803,0.009542386071329128
unetpp,NBI,boundary_freq_std,boundary_FP,420,-0.04033749985465454,-0.04753744968119972
unetpp,NBI,boundary_freq_std,exterior_FP,420,0.08223460971063429,0.10926233581135461
unetpp,NBI,boundary_freq_std,interior_error_ratio,420,0.039504304475646984,0.03223136246541584
unetpp,NBI,boundary_freq_std,boundary_error_ratio,420,-0.043191208696162414,-0.03826696244527054
unetpp,NBI,boundary_freq_std,exterior_error_ratio,420,-0.006773786278648694,-0.0006600661307112529
unetpp,NBI,boundary_freq_std,boundary_FN_error_ratio,420,0.03765076852741423,0.027226782579123983
unetpp,NBI,boundary_freq_std,boundary_FP_error_ratio,420,-0.073701401439895,-0.09407043338505616
unetpp,NBI,boundary_freq_std,boundary_fp_fn_balance,420,-0.06606150644073026,-0.06805234404799107
unetpp,NBI,boundary_freq_gap,interior_FN,420,-0.018430360066425455,-0.08303647058442128
unetpp,NBI,boundary_freq_gap,boundary_FN,420,0.0507439345773331,0.06636221084804615
unetpp,NBI,boundary_freq_gap,boundary_FP,420,-0.19018268857215345,-0.20426429434869123
unetpp,NBI,boundary_freq_gap,exterior_FP,420,-0.15964849822281799,-0.10954042023678077
unetpp,NBI,boundary_freq_gap,interior_error_ratio,420,0.10721469336813652,0.10276238253177053
unetpp,NBI,boundary_freq_gap,boundary_error_ratio,420,0.16430633168095116,0.16953504135521325
unetpp,NBI,boundary_freq_gap,exterior_error_ratio,420,-0.21368697900400807,-0.2011876079204117
unetpp,NBI,boundary_freq_gap,boundary_FN_error_ratio,420,0.2238589195158098,0.24811265052168738
unetpp,NBI,boundary_freq_gap,boundary_FP_error_ratio,420,-0.029558989757116287,-0.04973151859587408
unetpp,NBI,boundary_freq_gap,boundary_fp_fn_balance,420,-0.18850014604308168,-0.21321908255986388
attention_unet,WL,scale,interior_FN,420,0.21457202348368684,0.0661969612837517
attention_unet,WL,scale,boundary_FN,420,0.20700974642446404,0.1859095225217871
attention_unet,WL,scale,boundary_FP,420,-0.20179797565618332,-0.23678465216100672
attention_unet,WL,scale,exterior_FP,420,-0.04381463494354889,0.06594699350057907
attention_unet,WL,scale,interior_error_ratio,420,0.4751009603552538,0.4785326204192069
attention_unet,WL,scale,boundary_error_ratio,420,-0.003719732931743742,-0.04581663027109851
attention_unet,WL,scale,exterior_error_ratio,420,-0.3757538632750091,-0.3992598992559746
attention_unet,WL,scale,boundary_FN_error_ratio,420,0.16301904458424155,0.09107458033682855
attention_unet,WL,scale,boundary_FP_error_ratio,420,-0.1490724600444953,-0.15000138612440433
attention_unet,WL,scale,boundary_fp_fn_balance,420,-0.2904572458865669,-0.3124217109706068
attention_unet,WL,global_hfr,interior_FN,420,-0.03752428686295976,-0.04205250768202897
attention_unet,WL,global_hfr,boundary_FN,420,-0.0280312906175998,-0.006290630424116678
attention_unet,WL,global_hfr,boundary_FP,420,-0.0057154341345865,-0.034138969741877676
attention_unet,WL,global_hfr,exterior_FP,420,-0.10694249884224279,-0.0752238128488729
attention_unet,WL,global_hfr,interior_error_ratio,420,-0.04020778443144725,-0.03739520536620678
attention_unet,WL,global_hfr,boundary_error_ratio,420,0.13060375301771227,0.12193103775478437
attention_unet,WL,global_hfr,exterior_error_ratio,420,-0.007384170518676861,-0.05021433176495741
attention_unet,WL,global_hfr,boundary_FN_error_ratio,420,0.09255679660162695,0.10087029317561443
attention_unet,WL,global_hfr,boundary_FP_error_ratio,420,0.07900281890298448,0.05408249913612524
attention_unet,WL,global_hfr,boundary_fp_fn_balance,420,0.02598543397631742,-0.009574483379826165
attention_unet,WL,boundary_hfr,interior_FN,420,0.04298835210464653,-0.036884729338428006
attention_unet,WL,boundary_hfr,boundary_FN,420,0.027596876517118164,0.006145354678480942
attention_unet,WL,boundary_hfr,boundary_FP,420,-0.07202551691694814,-0.0855293912330518
attention_unet,WL,boundary_hfr,exterior_FP,420,-0.08539017328920287,-0.020880504742755334
attention_unet,WL,boundary_hfr,interior_error_ratio,420,0.13794422581682608,0.07999808492991588
attention_unet,WL,boundary_hfr,boundary_error_ratio,420,0.05433785257933921,0.06806267167756265
attention_unet,WL,boundary_hfr,exterior_error_ratio,420,-0.1392392574899247,-0.1188357687624079
attention_unet,WL,boundary_hfr,boundary_FN_error_ratio,420,0.09279408683465716,0.07528322233867674
attention_unet,WL,boundary_hfr,boundary_FP_error_ratio,420,-0.01509259548005006,0.011109117782641967
attention_unet,WL,boundary_hfr,boundary_fp_fn_balance,420,-0.09432349133042768,-0.09049551703233401
attention_unet,WL,boundary_freq_std,interior_FN,420,0.14296505149277078,0.034115460254145885
attention_unet,WL,boundary_freq_std,boundary_FN,420,0.1330515473047862,0.08596894608416532
attention_unet,WL,boundary_freq_std,boundary_FP,420,-0.13663395190344751,-0.1246518321708938
attention_unet,WL,boundary_freq_std,exterior_FP,420,-0.06338048587666385,-0.024674059441618778
attention_unet,WL,boundary_freq_std,interior_error_ratio,420,0.25272072468777174,0.17180233860827634
attention_unet,WL,boundary_freq_std,boundary_error_ratio,420,-0.022519725978362364,-0.029863906772758266
attention_unet,WL,boundary_freq_std,exterior_error_ratio,420,-0.1786450878798991,-0.13411368847181174
attention_unet,WL,boundary_freq_std,boundary_FN_error_ratio,420,0.11325093451469069,0.04713380981705945
attention_unet,WL,boundary_freq_std,boundary_FP_error_ratio,420,-0.12114408613113942,-0.08547654664608245
attention_unet,WL,boundary_freq_std,boundary_fp_fn_balance,420,-0.19158965899176342,-0.15685069588162603
attention_unet,WL,boundary_freq_gap,interior_FN,420,0.14489314454206131,0.08125369791211771
attention_unet,WL,boundary_freq_gap,boundary_FN,420,0.13001615571529104,0.13071207329836831
attention_unet,WL,boundary_freq_gap,boundary_FP,420,-0.1585444793911818,-0.216626026276978
attention_unet,WL,boundary_freq_gap,exterior_FP,420,-0.14772106401136678,-0.07998677038658095
attention_unet,WL,boundary_freq_gap,interior_error_ratio,420,0.2969417969996006,0.30945591902848446
attention_unet,WL,boundary_freq_gap,boundary_error_ratio,420,0.018726053678632774,0.017056053227717558
attention_unet,WL,boundary_freq_gap,exterior_error_ratio,420,-0.2871310612728291,-0.2903069438486068
attention_unet,WL,boundary_freq_gap,boundary_FN_error_ratio,420,0.13852064361742703,0.122943492620314
attention_unet,WL,boundary_freq_gap,boundary_FP_error_ratio,420,-0.12349963408819585,-0.10186059817050092
attention_unet,WL,boundary_freq_gap,boundary_fp_fn_balance,420,-0.21254904002198374,-0.25142413246458317
attention_unet,NBI,scale,interior_FN,420,-0.021142885569484533,-0.20223041885526213
attention_unet,NBI,scale,boundary_FN,420,0.08455808885492974,0.03308200614008181
attention_unet,NBI,scale,boundary_FP,420,-0.1795626623646493,-0.2215838158551329
attention_unet,NBI,scale,exterior_FP,420,0.0024296341966639295,0.023774612716491565
attention_unet,NBI,scale,interior_error_ratio,420,0.2421686489082127,0.22637097503602668
attention_unet,NBI,scale,boundary_error_ratio,420,0.17209453391311877,0.2192646351318355
attention_unet,NBI,scale,exterior_error_ratio,420,-0.2887682670892233,-0.3204288334001786
attention_unet,NBI,scale,boundary_FN_error_ratio,420,0.25769779128037457,0.2763982683241785
attention_unet,NBI,scale,boundary_FP_error_ratio,420,-0.01131960548507369,-0.001376866867032913
attention_unet,NBI,scale,boundary_fp_fn_balance,420,-0.23004908656684872,-0.2511021348397009
attention_unet,NBI,global_hfr,interior_FN,420,0.006014977844320547,-0.03857486046901414
attention_unet,NBI,global_hfr,boundary_FN,420,0.005374749610659307,0.010148428694315998
attention_unet,NBI,global_hfr,boundary_FP,420,-0.013236957600782756,-0.013445210793935066
attention_unet,NBI,global_hfr,exterior_FP,420,-0.04062034810825439,-0.06187340186788627
attention_unet,NBI,global_hfr,interior_error_ratio,420,-0.023108282998252468,-0.03929384012440015
attention_unet,NBI,global_hfr,boundary_error_ratio,420,0.08110169072872943,0.04345112382434608
attention_unet,NBI,global_hfr,exterior_error_ratio,420,0.012351780071980846,0.0015702347503793847
attention_unet,NBI,global_hfr,boundary_FN_error_ratio,420,0.04513713756229414,0.0370528848685617
attention_unet,NBI,global_hfr,boundary_FP_error_ratio,420,0.05642770777536739,0.02075242261078914
attention_unet,NBI,global_hfr,boundary_fp_fn_balance,420,0.017674239909682983,0.005141745581940639
attention_unet,NBI,boundary_hfr,interior_FN,420,-0.05286219255969897,-0.09785396695190107
attention_unet,NBI,boundary_hfr,boundary_FN,420,-0.03975707939861917,-0.056197954273805986
attention_unet,NBI,boundary_hfr,boundary_FP,420,0.019188680785154087,0.03946629678355447
attention_unet,NBI,boundary_hfr,exterior_FP,420,0.028464805516163986,0.04373109269008017
attention_unet,NBI,boundary_hfr,interior_error_ratio,420,-0.04861620122640302,-0.07656459469756166
attention_unet,NBI,boundary_hfr,boundary_error_ratio,420,0.038898989547235856,-0.004192209230332525
attention_unet,NBI,boundary_hfr,exterior_error_ratio,420,0.040050270937111075,0.06198101596461185
attention_unet,NBI,boundary_hfr,boundary_FN_error_ratio,420,0.0230970052215983,-0.010995000126702643
attention_unet,NBI,boundary_hfr,boundary_FP_error_ratio,420,0.04061801752091017,0.006801806254751514
attention_unet,NBI,boundary_hfr,boundary_fp_fn_balance,420,0.029067789862274863,0.04223739690576358
attention_unet,NBI,boundary_freq_std,interior_FN,420,0.017815701970234386,-0.08679470032257802
attention_unet,NBI,boundary_freq_std,boundary_FN,420,0.042245956309006745,0.027088512113243063
attention_unet,NBI,boundary_freq_std,boundary_FP,420,-0.06770092208474839,-0.08052186731278214
attention_unet,NBI,boundary_freq_std,exterior_FP,420,0.05122462612974928,0.08942844471590072
attention_unet,NBI,boundary_freq_std,interior_error_ratio,420,0.08327570764283737,0.0506950617255292
attention_unet,NBI,boundary_freq_std,boundary_error_ratio,420,0.024791037850068795,0.012599951047192783
attention_unet,NBI,boundary_freq_std,exterior_error_ratio,420,-0.05347933157582325,-0.0475533984560637
attention_unet,NBI,boundary_freq_std,boundary_FN_error_ratio,420,0.10116176651286436,0.06906226436220574
attention_unet,NBI,boundary_freq_std,boundary_FP_error_ratio,420,-0.0481357513487765,-0.06317671073702959
attention_unet,NBI,boundary_freq_std,boundary_fp_fn_balance,420,-0.08916551829066721,-0.09180243718307288
attention_unet,NBI,boundary_freq_gap,interior_FN,420,0.019067640261013177,-0.06629274722581964
attention_unet,NBI,boundary_freq_gap,boundary_FN,420,0.08855581484901859,0.10266612982232343
attention_unet,NBI,boundary_freq_gap,boundary_FP,420,-0.1997454213231475,-0.23059166215346252
attention_unet,NBI,boundary_freq_gap,exterior_FP,420,-0.2025342561031412,-0.16191045515943867
attention_unet,NBI,boundary_freq_gap,interior_error_ratio,420,0.15570863707453614,0.16882395159700253
attention_unet,NBI,boundary_freq_gap,boundary_error_ratio,420,0.20384728452461262,0.20561017663677747
attention_unet,NBI,boundary_freq_gap,exterior_error_ratio,420,-0.26056577866582015,-0.2668781266717731
attention_unet,NBI,boundary_freq_gap,boundary_FN_error_ratio,420,0.25100609441791927,0.2926073350015756
attention_unet,NBI,boundary_freq_gap,boundary_FP_error_ratio,420,-0.007675007916435695,-0.04094601365928448
attention_unet,NBI,boundary_freq_gap,boundary_fp_fn_balance,420,-0.19781193049817117,-0.2419477859799757
