image,modal,split,model,prediction_path,image_path,mask_path,image_size,erode_dilate_radius,interior_area,boundary_inner_area,boundary_outer_area,exterior_area,total_fn_pixels,total_fp_pixels,total_error_pixels,interior_FN_pixels,boundary_FN_pixels,boundary_FP_pixels,exterior_FP_pixels,interior_FN,boundary_FN,boundary_FP,exterior_FP,interior_error_ratio,boundary_error_ratio,exterior_error_ratio,boundary_FN_error_ratio,boundary_FP_error_ratio,boundary_fp_fn_balance,Dice,IoU,Boundary_IoU,HD95,MAE,scale,global_hfr,boundary_hfr,boundary_freq_std,boundary_freq_gap,low_dice,low_boundary_iou,high_hd95,high_dice_low_boundary,high_dice_high_hd95
gas_26092,WL,test,unetpp,experiment_03_baseline_failure_analysis\predictions\unetpp\WL\test\gas_26092.png,dataset\WL\test\images\gas_26092.jpg,dataset\WL\test\masks\gas_26092.png,256,5,13898,2571,2735,46332,3374,285,3659,1323,2051,249,36,0.09519355302921284,0.7977440684558538,0.09104204753199269,0.000777000777000777,0.36157420060125717,0.6285870456408855,0.009838753757857338,0.5605356654823722,0.06805138015851325,0.1082608695652174,0.8761796574624258,0.7796438846123941,0.0956290215220767,14.173876274650372,0.0564811863005161,0.2512969970703125,4.684563925249023e-05,9.968194060315408e-05,7.796911254870228e-05,3.321021927728054e-05,False,True,False,True,False
gas_36815,WL,test,swin_unet,experiment_03_baseline_failure_analysis\predictions\swin_unet\WL\test\gas_36815.png,dataset\WL\test\images\gas_36815.jpg,dataset\WL\test\masks\gas_36815.png,256,5,10555,2652,2801,49528,14,4146,4160,0,14,2594,1552,0.0,0.005279034690799397,0.9260978222063548,0.03133581004684219,0.0,0.6269230769230769,0.3730769230769231,0.0033653846153846156,0.6235576923076923,0.9946319018404908,0.8651555897041875,0.7623561272850372,0.0808163265306122,12.0,0.0629583895206451,0.2015228271484375,0.0001137784876662,0.0002071624018117,0.0001287032598986,0.0001626739023806,False,True,False,True,False
gas_5949f8f040a1bf90,WL,test,unet,experiment_03_baseline_failure_analysis\predictions\unet\WL\test\gas_5949f8f040a1bf90.png,dataset\WL\test\images\gas_5949f8f040a1bf90.jpg,dataset\WL\test\masks\gas_5949f8f040a1bf90.png,256,5,11919,2099,2248,49270,2166,1302,3468,928,1238,752,550,0.07785888077858881,0.5898046688899476,0.33451957295373663,0.01116297950071037,0.2675893886966551,0.5738177623990772,0.15859284890426759,0.35697808535178777,0.21683967704728951,0.3778894472361809,0.8709661905448949,0.771426137331743,0.0686716791979949,14.499620099739865,0.053471777588129,0.213897705078125,0.0002097574425904,0.0003749815329312,0.0002886992536332,7.956835713349738e-05,False,True,False,True,False
gas_26092,WL,test,unet,experiment_03_baseline_failure_analysis\predictions\unet\WL\test\gas_26092.png,dataset\WL\test\images\gas_26092.jpg,dataset\WL\test\masks\gas_26092.png,256,5,13898,2571,2735,46332,2283,2286,4569,919,1364,1115,1171,0.06612462224780544,0.5305328665888759,0.4076782449725777,0.02527410860744194,0.20113810461807835,0.5425694900415846,0.25629240534033704,0.29853359597286055,0.244035894068724,0.4497781363453005,0.8624347000158303,0.7581408293904814,0.0681818181818181,17.951189470793043,0.0692761465907096,0.2512969970703125,4.684563925249023e-05,9.968194060315408e-05,7.796911254870228e-05,3.321021927728054e-05,False,True,False,True,False
gas_27632,WL,test,unetpp,experiment_03_baseline_failure_analysis\predictions\unetpp\WL\test\gas_27632.png,dataset\WL\test\images\gas_27632.jpg,dataset\WL\test\masks\gas_27632.png,256,5,20429,3749,3904,37454,1026,6022,7048,214,812,2623,3399,0.01047530471388712,0.2165910909575887,0.671875,0.09075132162118865,0.03036322360953462,0.487372304199773,0.4822644721906924,0.1152099886492622,0.37216231555051077,0.7636098981077147,0.8672778388950007,0.7656580480856391,0.0957392197125256,21.80233518940373,0.1081991419196128,0.368927001953125,0.0001001102458393,0.0003371872479892,0.0004163662435959,0.0001160861125377,False,True,False,True,False
gas_8d28577af362e689,WL,test,unetpp,experiment_03_baseline_failure_analysis\predictions\unetpp\WL\test\gas_8d28577af362e689.png,dataset\WL\test\images\gas_8d28577af362e689.jpg,dataset\WL\test\masks\gas_8d28577af362e689.png,256,5,24905,2881,2765,34985,5093,447,5540,2822,2271,335,112,0.11331058020477816,0.7882679625130163,0.12115732368896925,0.0032013720165785338,0.5093862815884477,0.4703971119133574,0.020216606498194945,0.409927797833935,0.06046931407942238,0.12854950115118957,0.8910154446097799,0.8034516263360015,0.0879832412873738,21.93171219946131,0.084661990404129,0.423980712890625,0.000199303956082,0.000888126395718,0.0008369924236158,0.0010557619730717,False,True,False,True,False
gas_32934,WL,test,swin_unet,experiment_03_baseline_failure_analysis\predictions\swin_unet\WL\test\gas_32934.png,dataset\WL\test\images\gas_32934.jpg,dataset\WL\test\masks\gas_32934.png,256,5,32079,3849,3983,25625,132,7550,7682,3,129,3452,4098,9.351912466099317e-05,0.03351519875292284,0.8666834044689932,0.1599219512195122,0.00039052330122363966,0.46615464722728456,0.5334548294714918,0.016792501952616504,0.44936214527466806,0.9639765428651215,0.9036724467594118,0.8242723117632909,0.0868791697553743,25.11942946412396,0.1164700239896774,0.5482177734375,2.817744956459646e-05,0.0001146486407475,9.377259611594324e-05,9.609012193239132e-05,False,True,False,True,False
gas_25383,WL,test,swin_unet,experiment_03_baseline_failure_analysis\predictions\swin_unet\WL\test\gas_25383.png,dataset\WL\test\images\gas_25383.jpg,dataset\WL\test\masks\gas_25383.png,256,5,14894,2721,2869,45052,1930,3564,5494,1085,845,1697,1867,0.07284812676245468,0.3105475927967659,0.59149529452771,0.041441001509366956,0.19748816891153986,0.4626865671641791,0.33982526392428103,0.15380414998179834,0.3088824171823808,0.6675845790715972,0.8513355326167926,0.7411524921252548,0.0744951970201921,18.027756377319943,0.0835259854793548,0.2687835693359375,7.807036656206633e-05,4.902390942311189e-05,3.038466030096547e-05,7.095785248894411e-06,False,True,False,True,False
gas_2c5242c3a74d64a1,WL,test,unetpp,experiment_03_baseline_failure_analysis\predictions\unetpp\WL\test\gas_2c5242c3a74d64a1.png,dataset\WL\test\images\gas_2c5242c3a74d64a1.jpg,dataset\WL\test\masks\gas_2c5242c3a74d64a1.png,256,5,20900,3557,3503,37576,3233,3738,6971,1902,1331,1889,1849,0.09100478468899521,0.3741917346078156,0.5392520696545818,0.04920694060038322,0.272844642088653,0.46191364223210446,0.2652417156792426,0.1909338688853823,0.27097977334672213,0.5866459627329192,0.857747559459245,0.7509264406151566,0.0963315597871744,16.97056274847714,0.1071627885103225,0.3731842041015625,0.0003309755709125,0.001304315235315,0.0021777751058212,0.0008116907999321,False,True,False,True,False
gas_33871,WL,test,unetpp,experiment_03_baseline_failure_analysis\predictions\unetpp\WL\test\gas_33871.png,dataset\WL\test\images\gas_33871.jpg,dataset\WL\test\masks\gas_33871.png,256,5,40472,4205,4365,16494,2470,6842,9312,1508,962,3097,3745,0.037260328128088556,0.22877526753864447,0.7095074455899198,0.2270522614283982,0.16194158075601375,0.43588917525773196,0.4021692439862543,0.10330756013745704,0.3325816151202749,0.7629958117762996,0.9003231557833742,0.8187161169377312,0.0724966622162883,23.59766529988529,0.1426179856061935,0.6817169189453125,4.228933473671765e-05,0.0002434915778721,0.0001321435127414,0.0001121398059128,False,True,False,True,False
gas_89c5020ed9db1d57,WL,test,unet,experiment_03_baseline_failure_analysis\predictions\unet\WL\test\gas_89c5020ed9db1d57.png,dataset\WL\test\images\gas_89c5020ed9db1d57.jpg,dataset\WL\test\masks\gas_89c5020ed9db1d57.png,256,5,20600,2783,2575,39578,5860,7,5867,3372,2488,7,0,0.16368932038834952,0.89399928135106,0.0027184466019417475,0.0,0.5747400715868417,0.42525992841315835,0.0,0.4240668143855463,0.0011931140276120675,0.0028056112224448897,0.8563398275311402,0.7487712243074174,0.0780538302277432,17.0,0.0896444544196128,0.3567962646484375,0.000236565771878,0.0003682372187131,0.0003085612198859,0.0001779338635175,False,True,False,True,False
gas_1e64d1109280f3b7,WL,test,swin_unet,experiment_03_baseline_failure_analysis\predictions\swin_unet\WL\test\gas_1e64d1109280f3b7.png,dataset\WL\test\images\gas_1e64d1109280f3b7.jpg,dataset\WL\test\masks\gas_1e64d1109280f3b7.png,256,5,33684,3985,3417,24450,4535,4729,9264,2470,2065,1712,3017,0.07332858330364565,0.5181932245922208,0.5010242903131402,0.12339468302658486,0.26662348877374786,0.40770725388601037,0.32566925734024177,0.22290587219343697,0.1848013816925734,0.4532697908392904,0.8777923784494087,0.7822014051522248,0.0525154457193292,22.02044399099072,0.1408641636371612,0.5747833251953125,0.000333612174164,0.0006494696504728,0.0003473726402003,0.0004304296390095,False,True,False,True,False
gas_33850,WL,test,unet,experiment_03_baseline_failure_analysis\predictions\unet\WL\test\gas_33850.png,dataset\WL\test\images\gas_33850.jpg,dataset\WL\test\masks\gas_33850.png,256,5,21700,3282,3023,37531,1070,5964,7034,421,649,2061,3903,0.019400921658986176,0.19774527726995733,0.681773073106186,0.10399403160054355,0.05985214671595109,0.38527153824282057,0.5548763150412284,0.09226613591128803,0.29300540233153255,0.7605166051660517,0.8724745972443662,0.7737959562703136,0.0939422945439628,28.75046456899026,0.1068040505051612,0.381195068359375,2.128637450566369e-05,0.0001057732011895,0.000124150515977,7.151505290322417e-05,False,True,False,True,False
gas_32435,WL,test,attention_unet,experiment_03_baseline_failure_analysis\predictions\attention_unet\WL\test\gas_32435.png,dataset\WL\test\images\gas_32435.jpg,dataset\WL\test\masks\gas_32435.png,256,5,27391,4071,4233,29841,1685,8378,10063,978,707,3041,5337,0.03570515862874667,0.17366740358634242,0.7184030238601464,0.1788478938373379,0.09718771738050283,0.37245354268110903,0.5303587399383881,0.07025737851535327,0.30219616416575573,0.8113660618996799,0.8557482916572802,0.7478671741698386,0.0969659442724458,24.020824298928627,0.1531409472227096,0.480072021484375,5.692230471721789e-05,6.872769310757387e-05,6.062311632210383e-05,3.66447972725724e-05,False,True,False,True,False
gas_32934,WL,test,attention_unet,experiment_03_baseline_failure_analysis\predictions\attention_unet\WL\test\gas_32934.png,dataset\WL\test\images\gas_32934.jpg,dataset\WL\test\masks\gas_32934.png,256,5,32079,3849,3983,25625,1678,8050,9728,1545,133,3487,4563,0.048162349200411486,0.03455442972200572,0.8754707506904343,0.17806829268292684,0.15881990131578946,0.37212171052631576,0.46905838815789475,0.013671875,0.35844983552631576,0.9632596685082873,0.8756385003171635,0.7787873389156126,0.0599746139200338,77.27481755673561,0.1484773606061935,0.5482177734375,2.817744956459646e-05,0.0001146486407475,9.377259611594324e-05,9.609012193239132e-05,False,True,False,True,True
gas_8d28577af362e689,WL,test,unet,experiment_03_baseline_failure_analysis\predictions\unet\WL\test\gas_8d28577af362e689.png,dataset\WL\test\images\gas_8d28577af362e689.jpg,dataset\WL\test\masks\gas_8d28577af362e689.png,256,5,24905,2881,2765,34985,5747,1351,7098,3685,2062,562,789,0.14796225657498493,0.7157237070461645,0.20325497287522604,0.022552522509646993,0.5191603268526346,0.3696816004508312,0.11115807269653423,0.29050436742744434,0.07917723302338688,0.21417682926829268,0.8609643413227148,0.7558712800286841,0.0744016649323621,20.0,0.1085578799247741,0.423980712890625,0.000199303956082,0.000888126395718,0.0008369924236158,0.0010557619730717,False,True,False,True,False
gas_1726edbf713b7ed8,WL,test,swin_unet,experiment_03_baseline_failure_analysis\predictions\swin_unet\WL\test\gas_1726edbf713b7ed8.png,dataset\WL\test\images\gas_1726edbf713b7ed8.jpg,dataset\WL\test\masks\gas_1726edbf713b7ed8.png,256,5,22969,3166,3314,36087,750,6780,7530,359,391,2367,4413,0.015629761852932213,0.12349968414403033,0.7142426071213036,0.12228780447252473,0.047675962815405044,0.3662682602921647,0.5860557768924303,0.05192563081009296,0.3143426294820717,0.8582306018854242,0.871094187479001,0.7716269841269842,0.0902394106813996,19.235384061671343,0.1146962717175483,0.3987884521484375,0.0002643030062278,0.0004130316752443,0.000473576370021,0.0001432124897825,False,True,False,True,False
gas_35737,WL,test,unet,experiment_03_baseline_failure_analysis\predictions\unet\WL\test\gas_35737.png,dataset\WL\test\images\gas_35737.jpg,dataset\WL\test\masks\gas_35737.png,256,5,33345,3742,3862,24587,1477,8503,9980,943,534,3064,5439,0.02828010196431249,0.14270443613041153,0.7933713102019679,0.22121446292756336,0.09448897795591182,0.36052104208416835,0.5449899799599198,0.05350701402805611,0.3070140280561122,0.8515842134519177,0.876820339528522,0.7806590257879656,0.0577288780222765,24.186773244895647,0.1525629758834839,0.5659027099609375,4.727751204845593e-05,0.0001422035695321,0.0001098082528875,8.980139109580662e-05,False,True,False,True,False
gas_35737,WL,test,unetpp,experiment_03_baseline_failure_analysis\predictions\unetpp\WL\test\gas_35737.png,dataset\WL\test\images\gas_35737.jpg,dataset\WL\test\masks\gas_35737.png,256,5,33345,3742,3862,24587,96,9597,9693,0,96,3378,6219,0.0,0.025654730090860504,0.8746763335059554,0.25293854475942573,0.0,0.3584029712163417,0.6415970287836583,0.009904054472299598,0.3484989167440421,0.9723661485319517,0.8840609137055837,0.7922125181950509,0.0915723645026801,23.0,0.1479392498731613,0.5659027099609375,4.727751204845593e-05,0.0001422035695321,0.0001098082528875,8.980139109580662e-05,False,True,False,True,False
gas_27629,WL,test,swin_unet,experiment_03_baseline_failure_analysis\predictions\swin_unet\WL\test\gas_27629.png,dataset\WL\test\images\gas_27629.jpg,dataset\WL\test\masks\gas_27629.png,256,5,36062,4085,3339,22050,3929,6161,10090,2199,1730,1859,4302,0.06097831512395319,0.423500611995104,0.55675351901767,0.19510204081632654,0.21793855302279486,0.35569871159563926,0.4263627353815659,0.17145688800792863,0.1842418235877106,0.51797157982725,0.878515328097289,0.7833502767423473,0.099343544857768,25.46852960312097,0.1529017835855484,0.6125946044921875,7.819467289586407e-05,0.0003086858448396,0.0003684282159584,0.0002449077908196,False,True,False,True,False
gas_32783,WL,test,attention_unet,experiment_03_baseline_failure_analysis\predictions\attention_unet\WL\test\gas_32783.png,dataset\WL\test\images\gas_32783.jpg,dataset\WL\test\masks\gas_32783.png,256,5,36753,4660,4620,19503,3824,8446,12270,3194,630,3603,4843,0.08690447038337007,0.1351931330472103,0.7798701298701298,0.24832077116341075,0.26030969845150775,0.3449877750611247,0.3947025264873676,0.05134474327628362,0.2936430317848411,0.851169383416017,0.8589160734581563,0.75271945689497,0.0988722216139275,42.97206785187559,0.1880181729793548,0.6319122314453125,7.30027629972438e-05,0.0003934909656484,0.0003322132517314,0.0002986926006352,False,True,False,True,False
gas_33871,WL,test,attention_unet,experiment_03_baseline_failure_analysis\predictions\attention_unet\WL\test\gas_33871.png,dataset\WL\test\images\gas_33871.jpg,dataset\WL\test\masks\gas_33871.png,256,5,40472,4205,4365,16494,1360,11476,12836,845,515,3756,7720,0.020878632140739276,0.12247324613555291,0.8604810996563574,0.4680489875106099,0.06583047678404487,0.33273605484574637,0.6014334683702088,0.04012153318790901,0.29261452165783736,0.8794193397330836,0.8707047098832705,0.7710159756296072,0.0610021786492374,46.37347533613007,0.1962492018938064,0.6817169189453125,4.228933473671765e-05,0.0002434915778721,0.0001321435127414,0.0001121398059128,False,True,False,True,False
gas_35737,WL,test,swin_unet,experiment_03_baseline_failure_analysis\predictions\swin_unet\WL\test\gas_35737.png,dataset\WL\test\images\gas_35737.jpg,dataset\WL\test\masks\gas_35737.png,256,5,33345,3742,3862,24587,3617,6509,10126,2907,710,2609,3900,0.08717948717948718,0.1897381079636558,0.6755567063697566,0.15862040915931183,0.2870827572585424,0.3277700967805649,0.3851471459608928,0.07011653170057278,0.2576535650799921,0.786080144621874,0.8689592023603622,0.7682828101106414,0.0972023979446188,37.07953484673504,0.1540178507566452,0.5659027099609375,4.727751204845593e-05,0.0001422035695321,0.0001098082528875,8.980139109580662e-05,False,True,False,True,False
gas_36455,WL,test,unetpp,experiment_03_baseline_failure_analysis\predictions\unetpp\WL\test\gas_36455.png,dataset\WL\test\images\gas_36455.jpg,dataset\WL\test\masks\gas_36455.png,256,5,46790,4393,2492,11861,10572,2650,13222,7791,2781,1052,1598,0.16650993802094466,0.6330525836558161,0.42215088282504015,0.13472725739819577,0.5892451973982756,0.28989562849795797,0.12085917410376645,0.2103312660716987,0.07956436242625926,0.27445864857813723,0.8597517951272153,0.7540040768782761,0.0715127701375245,50.54299143831908,0.2020288556814193,0.7809906005859375,2.833829058555813e-05,0.0003191127170068,0.00040511905658,0.0004113294126954,False,True,False,True,True
gas_b493971ce67e37d3,NBI,test,unet,experiment_03_baseline_failure_analysis\predictions\unet\NBI\test\gas_b493971ce67e37d3.png,dataset\NBI\test\images\gas_b493971ce67e37d3.jpg,dataset\NBI\test\masks\gas_b493971ce67e37d3.png,256,5,22396,2854,2896,37390,2939,1663,4602,1165,1774,745,918,0.05201821753884622,0.6215837421163279,0.2572513812154696,0.02455201925648569,0.2531508039982616,0.5473707083876576,0.19947848761408082,0.3854845719252499,0.16188613646240765,0.29575228265184594,0.90606092771468,0.8282553852124975,0.0971792890262751,13.45362404707371,0.0705516561865806,0.385284423828125,0.0002896979867484,0.0002779623559356,0.0001890518430623,6.282567177233082e-05,False,True,False,True,False
gas_c0b78a6a640849e8,NBI,test,unet,experiment_03_baseline_failure_analysis\predictions\unet\NBI\test\gas_c0b78a6a640849e8.png,dataset\NBI\test\images\gas_c0b78a6a640849e8.jpg,dataset\NBI\test\masks\gas_c0b78a6a640849e8.png,256,5,16411,2967,3112,43046,4701,146,4847,2207,2494,146,0,0.13448296874047894,0.8405797101449275,0.04691516709511568,0.0,0.45533319579121107,0.544666804208789,0.0,0.5145450794305756,0.030121724778213326,0.055303030303030305,0.8577871201987388,0.7509870842534966,0.0867242087957254,31.373922984528065,0.0741589590907096,0.295684814453125,0.0002873776115642,0.0003215576052187,0.0001562826652015,0.0003775865217003,False,True,False,True,False
gas_c0b78a6a640849e8,NBI,test,attention_unet,experiment_03_baseline_failure_analysis\predictions\attention_unet\NBI\test\gas_c0b78a6a640849e8.png,dataset\NBI\test\images\gas_c0b78a6a640849e8.jpg,dataset\NBI\test\masks\gas_c0b78a6a640849e8.png,256,5,16411,2967,3112,43046,4473,501,4974,2175,2298,408,93,0.13253305709585034,0.7745197168857432,0.13110539845758354,0.002160479487060354,0.43727382388419783,0.5440289505428226,0.018697225572979495,0.4620024125452352,0.08202653799758745,0.15077605321507762,0.8565526048905082,0.749096642796137,0.0784156831366273,31.171237483085385,0.0761120840907096,0.295684814453125,0.0002873776115642,0.0003215576052187,0.0001562826652015,0.0003775865217003,False,True,False,True,False
gas_90cdcb83838f6bec,NBI,test,attention_unet,experiment_03_baseline_failure_analysis\predictions\attention_unet\NBI\test\gas_90cdcb83838f6bec.png,dataset\NBI\test\images\gas_90cdcb83838f6bec.jpg,dataset\NBI\test\masks\gas_90cdcb83838f6bec.png,256,5,20414,2967,3095,39060,4485,575,5060,2248,2237,391,184,0.11012050553541687,0.7539602291877318,0.12633279483037158,0.004710701484895033,0.4442687747035573,0.5193675889328063,0.03636363636363636,0.44209486166007905,0.07727272727272727,0.14878234398782345,0.8823224468636599,0.7894248608534323,0.0884534905839832,14.0356688476182,0.0769092813134193,0.3567657470703125,0.0007040113499059,0.0006299149782714,0.0005269339103711,0.0007154642293255,False,True,False,True,False
gas_9095fa0a7544fd2,NBI,test,unetpp,experiment_03_baseline_failure_analysis\predictions\unetpp\NBI\test\gas_9095fa0a7544fd2.png,dataset\NBI\test\images\gas_9095fa0a7544fd2.jpg,dataset\NBI\test\masks\gas_9095fa0a7544fd2.png,256,5,13635,2246,2075,47580,3973,153,4126,2036,1937,127,26,0.14932159882654933,0.8624220837043634,0.061204819277108434,0.000546448087431694,0.493456131846825,0.5002423654871546,0.006301502666020358,0.4694619486185167,0.030780416868637906,0.06153100775193798,0.8534043646899387,0.7442940984675579,0.0908876298394712,15.0,0.0625199303030967,0.2423248291015625,0.0009685315577578,0.0007923292365878,0.0002379509791521,0.0001845081992666,False,True,False,True,False
gas_e96e8099af2efd07,NBI,test,unet,experiment_03_baseline_failure_analysis\predictions\unet\NBI\test\gas_e96e8099af2efd07.png,dataset\NBI\test\images\gas_e96e8099af2efd07.jpg,dataset\NBI\test\masks\gas_e96e8099af2efd07.png,256,5,11921,2486,2637,48492,1517,2977,4494,684,833,1373,1604,0.05737773676704974,0.335076427996782,0.5206674251042852,0.03307762105089499,0.15220293724966621,0.4908767245215843,0.35692033822874947,0.1853582554517134,0.30551846906987096,0.6223934723481415,0.8514416239279403,0.7413133208255159,0.0984371355260088,18.391388583662994,0.0686981827020645,0.2198333740234375,0.0008890481260249,0.0010996932999249,0.0004498736690904,0.0008839177316694,False,True,False,True,False
gas_90cdcb83838f6bec,NBI,test,swin_unet,experiment_03_baseline_failure_analysis\predictions\swin_unet\NBI\test\gas_90cdcb83838f6bec.png,dataset\NBI\test\images\gas_90cdcb83838f6bec.jpg,dataset\NBI\test\masks\gas_90cdcb83838f6bec.png,256,5,20414,2967,3095,39060,5160,381,5541,2894,2266,327,54,0.14176545507984717,0.7637344118638355,0.10565428109854604,0.0013824884792626728,0.5222883955964628,0.4679660711062985,0.009745533297238766,0.40895145280635264,0.05901461829994586,0.12610875433860394,0.8689912826899129,0.7683329663069809,0.0988563675130839,18.520082076162023,0.0838647931814193,0.3567657470703125,0.0007040113499059,0.0006299149782714,0.0005269339103711,0.0007154642293255,False,True,False,True,False
gas_b493971ce67e37d3,NBI,test,swin_unet,experiment_03_baseline_failure_analysis\predictions\swin_unet\NBI\test\gas_b493971ce67e37d3.png,dataset\NBI\test\images\gas_b493971ce67e37d3.jpg,dataset\NBI\test\masks\gas_b493971ce67e37d3.png,256,5,22396,2854,2896,37390,5615,1,5616,3070,2545,1,0,0.13707804965172352,0.8917309039943938,0.0003453038674033149,0.0,0.5466524216524217,0.45334757834757833,0.0,0.4531695156695157,0.00017806267806267807,0.00039277297721916735,0.8744581187629106,0.7769218838856434,0.0803165182987141,22.59583183261805,0.0859972909092903,0.385284423828125,0.0002896979867484,0.0002779623559356,0.0001890518430623,6.282567177233082e-05,False,True,False,True,False
gas_9d2fea0944ac75be,NBI,test,unetpp,experiment_03_baseline_failure_analysis\predictions\unetpp\NBI\test\gas_9d2fea0944ac75be.png,dataset\NBI\test\images\gas_9d2fea0944ac75be.jpg,dataset\NBI\test\masks\gas_9d2fea0944ac75be.png,256,5,29989,3354,3502,28691,6598,74,6672,3740,2858,74,0,0.12471239454466637,0.8521168753726893,0.0211307824100514,0.0,0.5605515587529976,0.4394484412470024,0.0,0.42835731414868106,0.011091127098321343,0.0252387448840382,0.8889805308966205,0.8001484722981949,0.0949324324324324,23.259406699226016,0.101941168308258,0.5087738037109375,0.0007310897047793,0.0006374106656164,0.0002985739020425,0.0002210617034216,False,True,False,True,False
gas_ec9139c51753a679,NBI,test,unet,experiment_03_baseline_failure_analysis\predictions\unet\NBI\test\gas_ec9139c51753a679.png,dataset\NBI\test\images\gas_ec9139c51753a679.jpg,dataset\NBI\test\masks\gas_ec9139c51753a679.png,256,5,30815,3184,3332,28205,605,6462,7067,142,463,2607,3855,0.004608145383741684,0.1454145728643216,0.7824129651860744,0.13667789399042723,0.020093391821140512,0.43441347106268574,0.5454931371161738,0.06551577755766237,0.3688976935050233,0.849185667752443,0.9044007142983432,0.825484943356034,0.0492924895039651,17.26267650163207,0.1077606827020645,0.5187835693359375,0.0014286034346739,0.0012379016751757,0.0004619697991477,0.00061077024696,False,True,False,True,False
gas_e2ae7f2a76e15ef6,NBI,test,swin_unet,experiment_03_baseline_failure_analysis\predictions\swin_unet\NBI\test\gas_e2ae7f2a76e15ef6.png,dataset\NBI\test\images\gas_e2ae7f2a76e15ef6.jpg,dataset\NBI\test\masks\gas_e2ae7f2a76e15ef6.png,256,5,21745,3031,3179,37581,3556,2651,6207,1845,1711,947,1704,0.08484709128535295,0.5645001649620587,0.29789241899968544,0.04534206114792049,0.2972450459159014,0.4282261962300628,0.27452875785403574,0.27565651683583053,0.15256967939423233,0.35628291948833707,0.8725495461625221,0.7739138719512195,0.0987699651184138,23.095423458130163,0.0945870503783226,0.3780517578125,0.0005185232559776,0.0005627936553734,0.0002572921472839,8.64284888386184e-05,False,True,False,True,False
gas_b493971ce67e37d3,NBI,test,unetpp,experiment_03_baseline_failure_analysis\predictions\unetpp\NBI\test\gas_b493971ce67e37d3.png,dataset\NBI\test\images\gas_b493971ce67e37d3.jpg,dataset\NBI\test\masks\gas_b493971ce67e37d3.png,256,5,22396,2854,2896,37390,5391,886,6277,3323,2068,562,324,0.1483747097696017,0.7245970567624387,0.19406077348066297,0.008665418561112597,0.5293930221443365,0.4189899633582922,0.051617014497371355,0.3294567468535925,0.0895332165046997,0.21368821292775667,0.8643327280980481,0.7610791906070448,0.0689851767388825,25.02097486029916,0.0953045263886451,0.385284423828125,0.0002896979867484,0.0002779623559356,0.0001890518430623,6.282567177233082e-05,False,True,False,True,False
gas_ec9139c51753a679,NBI,test,attention_unet,experiment_03_baseline_failure_analysis\predictions\attention_unet\NBI\test\gas_ec9139c51753a679.png,dataset\NBI\test\images\gas_ec9139c51753a679.jpg,dataset\NBI\test\masks\gas_ec9139c51753a679.png,256,5,30815,3184,3332,28205,900,6759,7659,288,612,2463,4296,0.009346097679701444,0.1922110552763819,0.7391956782713085,0.15231341960645275,0.03760282021151586,0.4014884449667058,0.5609087348217783,0.0799059929494712,0.3215824520172346,0.8009756097560976,0.8959519179777267,0.8115153067759703,0.0555043050430504,25.079872407968907,0.1173070818185806,0.5187835693359375,0.0014286034346739,0.0012379016751757,0.0004619697991477,0.00061077024696,False,True,False,True,False
gas_a57d5991dae795de,NBI,test,unet,experiment_03_baseline_failure_analysis\predictions\unet\NBI\test\gas_a57d5991dae795de.png,dataset\NBI\test\images\gas_a57d5991dae795de.jpg,dataset\NBI\test\masks\gas_a57d5991dae795de.png,256,5,23655,3185,3040,35656,64,7075,7139,0,64,2746,4329,0.0,0.020094191522762952,0.9032894736842105,0.12141014135068431,0.0,0.3936125507774198,0.6063874492225801,0.008964841014147639,0.38464770976327217,0.9772241992882562,0.8823098154217699,0.789404637882471,0.0975434821588667,32.77188223389656,0.108777105808258,0.4095458984375,0.0001882911212962,0.0004227924491336,0.0003159635776585,0.0001533637993118,False,True,False,True,False
gas_c50f8aa50d4f6823,NBI,test,unetpp,experiment_03_baseline_failure_analysis\predictions\unetpp\NBI\test\gas_c50f8aa50d4f6823.png,dataset\NBI\test\images\gas_c50f8aa50d4f6823.jpg,dataset\NBI\test\masks\gas_c50f8aa50d4f6823.png,256,5,21013,3027,3175,38321,1408,6571,7979,602,806,2129,4442,0.028648931613762908,0.2662702345556657,0.6705511811023622,0.11591555543957621,0.07544805113422735,0.36784058152650706,0.5567113673392655,0.10101516480762,0.2668254167188871,0.7253833049403748,0.8511704453341848,0.7409022877913192,0.0491750760852154,23.345235059857504,0.1207549422979354,0.3668212890625,0.0002253352180205,0.0002366017174803,0.0001884006527228,7.818647043502974e-05,False,True,False,True,False
gas_6e9f38b5c1ee0260,NBI,test,swin_unet,experiment_03_baseline_failure_analysis\predictions\swin_unet\NBI\test\gas_6e9f38b5c1ee0260.png,dataset\NBI\test\images\gas_6e9f38b5c1ee0260.jpg,dataset\NBI\test\masks\gas_6e9f38b5c1ee0260.png,256,5,31118,3305,3379,27734,5,9024,9029,0,5,3140,5884,0.0,0.0015128593040847202,0.9292690145013317,0.21215836157784668,0.0,0.3483220733193045,0.6516779266806956,0.0005537711817477018,0.3477683021375568,0.9984101748807631,0.8846722192369694,0.7931948208370972,0.0950794852384557,24.73154037515956,0.1368781924247741,0.5252532958984375,0.0003123583309804,0.0003550299553281,0.0003374634660801,0.0002104387447149,False,True,False,True,False
gas_10fe196470c953ee,NBI,test,attention_unet,experiment_03_baseline_failure_analysis\predictions\attention_unet\NBI\test\gas_10fe196470c953ee.png,dataset\NBI\test\images\gas_10fe196470c953ee.jpg,dataset\NBI\test\masks\gas_10fe196470c953ee.png,256,5,42430,3956,3716,15434,5149,5477,10626,3804,1345,2240,3237,0.0896535470186189,0.33998988877654196,0.6027987082884823,0.209731761047039,0.3579898362507058,0.3373800112930548,0.3046301524562394,0.12657632222849613,0.21080368906455862,0.6248256624825662,0.8866436529987932,0.796370052936728,0.0970388411742084,29.0,0.1609933078289032,0.707794189453125,0.0005034970370001,0.0007511238990455,0.0006649231165508,0.000163394979723,False,True,False,True,False
gas_d17953c118aa0ea8,NBI,test,swin_unet,experiment_03_baseline_failure_analysis\predictions\swin_unet\NBI\test\gas_d17953c118aa0ea8.png,dataset\NBI\test\images\gas_d17953c118aa0ea8.jpg,dataset\NBI\test\masks\gas_d17953c118aa0ea8.png,256,5,31627,3544,2011,28354,6997,2839,9836,4856,2141,1122,1717,0.1535396970942549,0.6041196388261851,0.5579313774241671,0.06055582986527474,0.4936966246441643,0.33174054493696625,0.17456283041886947,0.21766978446522978,0.11407076047173648,0.3438553478394116,0.8513124136569963,0.7411174489725793,0.0758920800696257,25.14346701608051,0.1501514613628387,0.5366668701171875,0.0004630481118412,0.0009674015377122,0.0004428052643352,0.0008080353312879,False,True,False,True,False
gas_4b32948d8cfca917,NBI,test,unet,experiment_03_baseline_failure_analysis\predictions\unet\NBI\test\gas_4b32948d8cfca917.png,dataset\NBI\test\images\gas_4b32948d8cfca917.jpg,dataset\NBI\test\masks\gas_4b32948d8cfca917.png,256,5,37731,4181,4315,19309,6,12352,12358,0,6,4026,8326,0.0,0.0014350633819660368,0.9330243337195828,0.4311978869957015,0.0,0.3262663861466257,0.6737336138533744,0.0004855154555753358,0.32578087069105033,0.9985119047619048,0.871985107279225,0.7730262365384152,0.0605083215069023,43.01162162501544,0.1877590864896774,0.6395263671875,0.0008374259939782,0.0008696600090064,0.0005039774320803,0.0001528361497454,False,True,False,True,False
gas_4b32948d8cfca917,NBI,test,unetpp,experiment_03_baseline_failure_analysis\predictions\unetpp\NBI\test\gas_4b32948d8cfca917.png,dataset\NBI\test\images\gas_4b32948d8cfca917.jpg,dataset\NBI\test\masks\gas_4b32948d8cfca917.png,256,5,37731,4181,4315,19309,36,12733,12769,0,36,3963,8770,0.0,0.008610380291796222,0.9184241019698726,0.45419234553835,0.0,0.313180358681181,0.686819641318819,0.002819328060145665,0.3103610306210353,0.9909977494373593,0.8683533331527481,0.767336094023027,0.066621803499327,51.00980015517485,0.1937181055545807,0.6395263671875,0.0008374259939782,0.0008696600090064,0.0005039774320803,0.0001528361497454,False,True,False,True,True
gas_5d6308d5dc0a5a6d,NBI,test,swin_unet,experiment_03_baseline_failure_analysis\predictions\swin_unet\NBI\test\gas_5d6308d5dc0a5a6d.png,dataset\NBI\test\images\gas_5d6308d5dc0a5a6d.jpg,dataset\NBI\test\masks\gas_5d6308d5dc0a5a6d.png,256,5,42241,4063,3580,15652,11186,694,11880,8245,2941,612,82,0.1951895078241519,0.7238493723849372,0.17094972067039105,0.005238947099412215,0.694023569023569,0.29907407407407405,0.006902356902356902,0.24755892255892256,0.051515151515151514,0.1722488038277512,0.8560298910883218,0.7482974287699792,0.097024966362685,40.86805678846788,0.1804647594690323,0.70654296875,0.001625267221896,0.0023483818216084,0.0014945308812861,0.0005921883160384,False,True,False,True,False
gas_a3b11f41a1a994be,NBI,test,swin_unet,experiment_03_baseline_failure_analysis\predictions\swin_unet\NBI\test\gas_a3b11f41a1a994be.png,dataset\NBI\test\images\gas_a3b11f41a1a994be.jpg,dataset\NBI\test\masks\gas_a3b11f41a1a994be.png,256,5,37453,3633,3601,20849,4430,7341,11771,2968,1462,1948,5393,0.0792459883053427,0.40242224057252957,0.5409608442099417,0.25866948055062594,0.2521451023702319,0.28969501316795515,0.45815988446181294,0.12420355110016142,0.16549146206779372,0.5712609970674487,0.8620599659179883,0.7575618574782116,0.0619584055459272,25.791233411588145,0.1790696680545807,0.626922607421875,0.000286543701094,0.0004508208313087,0.000351704808953,0.0002602250089902,False,True,False,True,False
gas_53709e1f40fe370,NBI,test,unet,experiment_03_baseline_failure_analysis\predictions\unet\NBI\test\gas_53709e1f40fe370.png,dataset\NBI\test\images\gas_53709e1f40fe370.jpg,dataset\NBI\test\masks\gas_53709e1f40fe370.png,256,5,34373,3524,3609,24030,164,11338,11502,26,138,3097,8241,0.0007564076455357403,0.03916004540295119,0.858132446661125,0.3429463171036205,0.0022604764388801948,0.28125543383759344,0.7164840897235264,0.011997913406364111,0.26925752043122936,0.9573415765069552,0.8681541582150102,0.7670250896057348,0.0931318681318681,27.89801879386457,0.174884408712387,0.5782623291015625,0.0006007755924149,0.0006232522741728,0.0003904241540323,8.714602485311931e-05,False,True,False,True,False
gas_a3b11f41a1a994be,NBI,test,unet,experiment_03_baseline_failure_analysis\predictions\unet\NBI\test\gas_a3b11f41a1a994be.png,dataset\NBI\test\images\gas_a3b11f41a1a994be.jpg,dataset\NBI\test\masks\gas_a3b11f41a1a994be.png,256,5,37453,3633,3601,20849,595,11062,11657,316,279,2933,8129,0.008437241342482579,0.07679603633360858,0.8144959733407386,0.3898987961053288,0.027108175345286093,0.2755425924337308,0.6973492322209831,0.023934116839667154,0.25160847559406363,0.9131382316313823,0.8750440879784428,0.7778474504000602,0.0938643399943709,25.0,0.1765186488628387,0.626922607421875,0.000286543701094,0.0004508208313087,0.000351704808953,0.0002602250089902,False,True,False,True,False
